,Paal,Nifal,Piel,Hifil,Hitpael,Hofal,Pual,Total,Common,Uncommon,Rank,Accompli,Inaccompli,Wayyiqtol,Impératif,Infinitif Absolu,Infinitif Construit,Participe Présent,Participe Présent Passif,Classe
אמר,5284,21,0,2,1,0,0,5308,5308,0,1,1166,270,2716,88,7,962,98,1,פ׳׳א
היה,3540,21,0,0,0,0,0,3561,3561,0,2,1420,946,1015,24,6,148,2,0,ע׳׳וי
עשׂה,2527,99,2,0,0,0,1,2629,2629,0,3,1019,574,361,99,15,301,244,16,ל׳׳ה
בוא,1997,0,0,549,0,24,0,2570,2570,0,4,673,505,679,89,11,327,277,9,ע׳׳וי
נתן,1920,82,0,0,0,8,0,2010,2010,0,5,831,441,356,79,15,161,115,12,פ׳׳נ
הלך,1412,1,25,45,64,0,0,1547,1547,0,6,226,312,395,251,47,143,173,0,פ׳׳ג
ראה,1125,101,0,62,5,4,1,1298,1298,0,7,397,240,291,148,8,127,85,2,ל׳׳ה
שׁמע,1051,43,2,63,0,0,0,1159,1159,0,8,351,215,149,219,17,130,78,0,ל׳׳ג
דבר,41,4,1092,2,2,0,2,1143,1143,0,9,438,171,251,84,11,105,81,2,Fort
ישׁב,1033,8,1,38,0,2,0,1082,1082,0,10,145,111,192,44,2,87,501,0,פ׳׳וי
יצא,784,0,0,279,0,5,0,1068,1068,0,11,275,193,267,58,7,120,144,4,פ׳׳וי
שׁוב,683,0,11,357,0,5,0,1056,1056,0,12,229,328,209,124,18,109,36,3,ע׳׳וי
לקח,938,10,0,0,2,6,8,965,964,1,13,250,173,341,127,4,53,15,2,ל׳׳ג
ידע,819,41,1,71,2,3,6,944,943,1,14,496,183,36,54,15,61,89,10,פ׳׳וי
עלה,606,18,0,262,1,3,0,890,890,0,15,237,170,220,74,4,99,86,0,ל׳׳ה
קרא,796,68,0,1,0,0,7,872,872,0,16,201,133,290,47,1,157,32,11,ל׳׳א
שׁלח,563,1,268,5,0,0,10,847,847,0,17,255,115,305,49,11,56,46,10,ל׳׳ג
מות,620,0,9,138,0,68,0,835,835,0,18,150,275,179,6,55,68,99,3,ע׳׳וי
אכל,740,45,0,20,0,0,4,810,809,1,19,183,343,88,33,19,75,68,1,פ׳׳א
נשׂא,596,34,12,2,9,0,0,653,653,0,20,130,166,131,62,4,48,104,8,פ׳׳נ
קום,460,0,15,146,5,3,0,629,629,0,21,111,130,196,101,4,52,35,0,ע׳׳וי
שׂים,579,0,0,3,0,1,0,583,583,0,22,186,125,154,57,3,38,16,4,ע׳׳וי
עבר,465,1,2,80,8,0,0,556,556,0,23,137,116,100,33,1,62,107,0,פ׳׳ג
עמד,434,0,0,85,0,2,0,521,521,0,24,101,94,145,20,2,41,117,1,פ׳׳ג
נכה,0,1,0,481,0,16,2,500,500,0,25,153,52,195,13,3,38,40,6,פ׳׳נ
צוה,0,0,485,0,0,0,9,494,494,0,26,326,29,73,15,0,6,45,0,ע׳׳וי
ילד,237,38,10,176,1,3,26,492,491,1,27,236,34,120,1,2,43,49,7,פ׳׳וי
שׁמר,427,37,1,0,3,0,0,468,468,0,28,120,101,11,58,5,62,108,3,Fort
מצא,306,140,0,7,0,0,0,453,453,0,29,196,126,57,5,0,15,54,0,ל׳׳א
נפל,367,0,1,61,5,0,0,434,434,0,30,135,120,105,4,1,24,45,0,פ׳׳נ
ענה,329,9,60,6,6,0,4,414,414,0,31,80,99,163,25,1,26,19,1,ל׳׳ה
ירד,304,0,0,67,0,6,0,377,377,0,32,108,64,97,33,2,25,48,0,פ׳׳וי
בנה,346,30,0,0,0,0,0,376,376,0,33,119,66,84,8,1,64,30,4,ל׳׳ה
נגד,0,0,0,335,0,35,0,370,370,0,34,72,77,125,43,6,27,20,0,פ׳׳נ
מלך,297,1,0,49,0,1,0,348,348,0,35,126,25,112,4,2,73,6,0,Fort
ירא,282,45,5,0,0,0,0,332,332,0,36,45,153,45,7,0,20,62,0,פ׳׳וי
ברך,73,3,233,1,7,0,13,330,330,0,37,57,78,56,30,9,17,6,77,Fort
פקד,234,21,1,29,4,8,2,303,299,4,38,91,53,33,12,5,12,11,86,Fort
סור,158,0,1,133,0,5,0,297,297,0,39,109,68,40,39,4,24,11,2,ע׳׳וי
מלא,143,36,111,0,1,0,1,292,292,0,40,120,46,34,13,1,26,51,1,ל׳׳א
חזק,82,0,64,117,27,0,0,290,290,0,41,97,39,64,45,1,19,25,0,פ׳׳ג
עבד,270,4,0,8,0,4,2,288,288,0,42,76,75,40,20,0,48,29,0,פ׳׳ג
כרת,134,73,0,78,0,1,2,288,288,0,43,124,77,39,6,2,30,7,3,Fort
איב,283,0,0,0,0,0,0,283,283,0,44,1,0,0,0,0,0,282,0,פ׳׳א
חיה,204,0,56,23,0,0,0,283,283,0,45,59,119,48,25,12,18,2,0,ע׳׳וי
קרב,94,2,8,177,0,0,0,281,281,0,46,82,85,55,19,3,25,12,0,Fort
חטא,181,0,15,32,9,0,0,237,237,0,47,146,46,9,0,0,17,19,0,ל׳׳א
זכר,171,20,0,40,0,0,0,231,231,0,48,58,73,11,51,8,13,17,0,Fort
ירשׁ,159,4,2,66,0,0,0,231,231,0,49,69,51,25,7,3,61,15,0,פ׳׳וי
בקשׁ,0,0,222,0,0,0,3,225,225,0,50,37,52,29,12,1,31,63,0,Fort
רבה,60,0,4,161,0,0,0,225,225,0,51,58,58,21,14,53,10,11,0,ל׳׳ה
כתב,204,17,2,0,0,0,0,223,223,0,52,28,20,33,17,1,4,7,113,Fort
שׁתה,216,1,0,0,0,0,0,217,217,0,53,32,73,25,16,9,42,20,0,ל׳׳ה
כון,0,67,29,108,4,6,2,216,216,0,54,74,49,20,20,1,12,38,2,ע׳׳וי
עזב,205,9,0,0,0,0,2,216,216,0,55,79,59,32,5,2,9,16,14,פ׳׳ג
נטה,136,3,0,75,0,0,0,214,214,0,56,58,27,39,31,0,15,15,29,פ׳׳נ
נצל,0,15,4,191,1,2,0,213,213,0,57,54,60,19,29,5,26,18,2,פ׳׳נ
שׁכב,198,2,0,8,0,3,1,212,212,0,58,40,49,64,11,2,17,28,1,Fort
יסף,32,6,0,174,0,0,0,212,212,0,59,39,118,45,2,0,4,4,0,פ׳׳וי
אהב,194,1,16,0,0,0,0,211,211,0,60,71,13,17,5,0,18,82,5,פ׳׳א
כלה,64,0,141,0,0,0,1,206,206,0,61,76,30,30,4,6,57,3,0,ל׳׳ה
ישׁע,0,21,0,184,0,0,0,205,205,0,62,28,65,20,32,3,22,35,0,פ׳׳וי
אסף,109,81,8,0,1,0,5,204,204,0,63,60,37,53,20,4,11,17,2,פ׳׳א
שׁפט,184,17,0,0,0,0,0,202,201,1,64,37,48,14,12,1,16,74,0,Fort
יכל,193,0,0,0,0,0,0,193,193,0,65,51,132,4,0,4,2,0,0,פ׳׳וי
רום,68,0,25,88,2,3,2,188,188,0,66,34,68,14,18,0,15,38,1,ע׳׳וי
גלה,50,32,57,38,2,7,2,188,188,0,67,86,35,21,6,4,17,11,8,ל׳׳ה
אבד,119,0,41,26,0,0,0,186,186,0,68,74,50,10,0,7,27,18,0,פ׳׳א
שׁבע,0,154,0,31,0,0,0,185,185,0,69,110,13,34,7,3,5,13,0,ל׳׳ג
לחם,10,167,0,0,0,0,0,177,177,0,70,42,18,36,7,1,48,24,1,ע׳׳ג
חוה,0,0,6,0,0,0,0,176,6,170,71,19,41,80,7,0,19,10,0,ע׳׳וי
רעה,173,0,1,0,1,0,0,175,175,0,72,12,35,7,6,0,8,107,0,ל׳׳ה
קדשׁ,11,11,75,45,24,0,5,171,171,0,73,60,25,19,20,1,22,19,5,Fort
שׁאל,162,5,2,2,0,0,0,171,171,0,74,53,24,40,23,5,14,10,2,ע׳׳ג
בין,64,22,1,61,22,0,0,170,170,0,75,14,64,11,21,1,10,49,0,ע׳׳וי
בחר,162,7,0,0,0,0,0,169,169,0,76,70,46,19,5,3,1,8,17,ע׳׳ג
שׁבר,68,57,36,6,0,1,0,168,168,0,77,62,43,20,7,1,15,19,1,Fort
הרג,162,3,0,0,0,0,2,167,167,0,78,60,27,31,6,4,22,9,8,פ׳׳ג
הלל,4,0,117,4,29,0,11,165,165,0,79,9,54,7,55,2,18,12,8,ע׳׳ע
דרשׁ,155,9,0,0,0,0,0,164,164,0,80,39,41,4,17,3,36,22,2,Fort
טמא,77,18,51,0,14,0,1,162,161,1,81,74,58,11,1,1,14,2,1,ל׳׳א
סבב,90,20,13,32,0,6,0,161,161,0,82,46,41,39,12,0,5,13,5,ע׳׳ע
נוס,155,0,1,3,0,0,0,159,159,0,83,47,25,54,5,1,17,10,0,פ׳׳נ
שׂמח,126,0,27,1,0,0,0,154,154,0,84,34,75,21,15,1,5,3,0,ל׳׳ג
כסה,3,3,131,0,8,0,7,152,152,0,85,44,38,29,1,0,15,22,3,ל׳׳ה
נגע,107,1,3,38,0,0,1,150,150,0,86,30,40,19,3,0,11,45,2,פ׳׳נ
נסע,136,2,0,8,0,0,0,146,146,0,87,28,21,81,4,1,7,4,0,פ׳׳נ
שׂנא,129,2,15,0,0,0,0,146,146,0,88,45,9,4,2,1,7,69,9,ל׳׳א
שׁחת,0,6,39,98,0,2,0,145,145,0,89,35,33,12,3,1,39,20,2,ע׳׳ג
חנה,143,0,1,0,0,0,0,144,144,0,90,8,17,92,3,0,5,19,0,ל׳׳ה
פתח,97,18,27,0,1,0,1,144,144,0,91,37,36,25,10,4,9,9,14,ל׳׳ג
רדף,131,2,8,1,0,0,1,143,143,0,92,21,29,34,8,0,9,42,0,Fort
חלל,1,9,71,57,0,1,3,142,142,0,93,61,27,20,2,1,18,10,3,ע׳׳ע
נוח,33,0,0,104,0,5,0,142,142,0,94,50,31,31,11,6,8,2,3,פ׳׳נ
פנה,117,0,8,8,0,2,0,135,135,0,95,30,20,35,16,1,10,22,1,ל׳׳ה
זבח,112,0,22,0,0,0,0,134,134,0,96,14,35,33,3,0,18,31,0,ל׳׳ג
קבר,87,39,6,0,0,0,1,133,133,0,97,18,17,72,6,1,10,7,2,Fort
שׁאר,1,94,0,38,0,0,0,133,133,0,98,68,16,4,0,0,1,44,0,ע׳׳ג
שׁכן,111,0,12,6,0,0,0,129,129,0,99,30,46,9,4,0,17,23,0,Fort
קבץ,38,31,49,0,8,0,1,127,127,0,100,29,29,36,11,1,8,11,2,Fort
שׁלך,0,0,0,112,0,13,0,125,125,0,101,34,20,46,10,2,4,3,6,Fort
נגשׁ,68,17,0,37,1,2,0,125,125,0,102,22,19,45,23,0,9,6,1,פ׳׳נ
חשׁב,77,30,16,0,1,0,0,124,124,0,103,46,38,7,0,0,4,29,0,פ׳׳ג
לכד,83,36,0,0,2,0,0,121,121,0,104,39,20,54,2,1,2,3,0,Fort
בטח,113,0,0,5,0,0,0,118,118,0,105,37,21,10,9,1,3,37,0,ל׳׳ג
גדל,54,0,25,33,4,0,1,117,117,0,106,47,31,25,1,3,6,3,1,Fort
יטב,44,0,0,73,0,0,0,117,117,0,107,12,47,19,8,13,12,6,0,פ׳׳וי
שׂרף,102,14,0,0,0,0,1,117,117,0,108,46,34,22,0,1,6,3,5,Fort
שׁלם,8,0,89,13,0,1,5,116,116,0,109,19,64,7,7,5,4,8,2,Fort
קטר,0,0,42,70,0,2,1,115,115,0,110,34,16,18,2,3,21,19,2,Fort
נבא,0,87,0,0,28,0,0,115,115,0,111,16,11,13,28,0,8,39,0,פ׳׳נ
שׁפך,101,8,0,0,3,0,3,115,115,0,112,34,29,13,7,0,19,10,3,Fort
ידה,1,0,2,100,11,0,0,114,114,0,113,10,56,3,19,0,20,6,0,פ׳׳וי
בכה,112,0,2,0,0,0,0,114,114,0,114,9,23,50,3,9,5,15,0,ל׳׳ה
גאל,96,11,1,0,2,0,4,114,114,0,115,19,28,3,4,3,4,47,6,ע׳׳ג
כבד,22,30,38,17,2,0,3,113,112,1,116,27,35,9,8,5,4,24,1,Fort
רעע,37,2,0,68,2,0,0,109,109,0,117,30,29,16,1,3,12,18,0,ע׳׳ע
בושׁ,95,0,2,11,1,0,0,109,109,0,118,28,62,2,4,2,4,7,0,ע׳׳וי
ספר,28,8,67,0,0,0,5,108,108,0,119,15,45,23,9,0,9,7,0,Fort
נחם,0,48,51,0,7,0,2,108,108,0,120,29,25,15,4,0,16,19,0,פ׳׳נ
יתר,0,82,0,24,0,0,0,106,106,0,121,25,13,11,1,3,1,52,0,פ׳׳וי
אמן,8,46,0,51,0,0,0,105,105,0,122,23,33,5,2,0,0,41,1,פ׳׳א
רוץ,97,0,1,6,0,0,0,104,104,0,123,6,30,27,5,0,3,33,0,ע׳׳וי
שׁכח,88,13,1,1,1,0,0,104,104,0,124,43,43,9,1,1,1,6,0,ל׳׳ג
כפר,1,0,92,0,1,0,7,102,101,1,125,38,24,3,5,0,32,0,0,Fort
גור,96,0,0,0,3,0,0,99,99,0,126,8,28,6,4,1,18,34,0,ע׳׳וי
משׁל,87,5,1,4,1,0,0,98,98,0,127,16,18,2,3,2,9,48,0,Fort
לבשׁ,61,0,0,32,0,0,4,97,97,0,128,29,28,21,7,2,3,2,5,Fort
שׁרת,0,0,97,0,0,0,0,97,97,0,129,3,13,4,0,0,32,45,0,Fort
שׂבע,79,0,2,16,0,0,0,97,97,0,130,28,53,7,2,2,3,2,0,ל׳׳ג
מלט,0,63,28,2,2,0,0,95,95,0,131,22,37,16,10,1,4,5,0,Fort
טהר,34,0,40,0,19,0,1,94,94,0,132,45,11,6,4,0,11,16,1,ע׳׳ג
זנה,84,0,0,9,0,0,1,94,94,0,133,16,7,19,0,2,8,42,0,ל׳׳ה
הפך,55,34,0,0,4,1,0,94,94,0,134,53,9,14,2,2,4,8,2,פ׳׳ג
בער,41,4,40,8,0,0,1,94,94,0,135,41,16,9,0,1,8,18,1,ע׳׳ג
חרה,83,2,0,2,4,0,0,93,91,2,136,23,16,48,0,1,2,3,0,ל׳׳ה
שׁמד,0,21,0,69,0,0,0,90,90,0,137,28,17,8,1,2,34,0,0,Fort
שׁיר,50,0,37,0,0,1,0,88,88,0,138,2,21,1,15,1,1,47,0,ע׳׳וי
עור,21,8,19,33,5,0,0,86,86,0,139,19,29,4,23,0,2,9,0,ע׳׳וי
למד,24,0,57,0,0,0,5,86,86,0,140,15,24,8,14,3,9,8,5,Fort
שׁמם,33,24,4,17,5,3,0,86,86,0,141,31,14,4,2,1,3,31,0,Fort
שׁית,83,0,0,0,0,2,0,85,85,0,142,21,41,10,10,1,2,0,0,ע׳׳וי
שׁחט,82,3,0,0,0,0,0,85,85,0,143,25,16,28,2,1,3,2,8,ע׳׳ג
מהר,3,4,77,0,0,0,0,84,84,0,144,12,10,23,15,15,3,6,0,ע׳׳ג
פלל,0,0,4,0,80,0,0,84,84,0,145,18,17,25,7,0,10,7,0,ע׳׳ע
צפה,29,0,53,0,0,0,2,84,84,0,146,22,7,21,1,2,0,28,3,ל׳׳ה
קנה,81,2,0,1,0,0,0,84,84,0,147,27,11,7,12,3,11,13,0,ל׳׳ה
סגר,36,8,4,30,0,0,5,83,83,0,148,36,18,13,4,0,4,2,6,Fort
קלל,12,11,42,13,1,0,3,82,82,0,149,26,18,9,8,0,7,13,1,ע׳׳ע
ירה,16,1,0,64,0,0,0,81,81,0,150,13,33,7,6,1,8,13,0,פ׳׳וי
עזר,76,4,0,1,0,0,0,81,81,0,151,17,11,6,6,0,18,22,1,פ׳׳ג
סתר,0,30,1,44,5,0,1,81,81,0,152,23,32,8,3,3,2,9,1,Fort
יעץ,57,22,0,0,1,0,0,80,80,0,153,28,8,12,0,0,0,31,1,פ׳׳וי
מכר,57,19,0,0,4,0,0,80,80,0,154,35,17,9,2,2,6,9,0,Fort
חפץ,78,0,0,0,0,0,0,78,78,0,155,49,24,0,0,1,0,4,0,פ׳׳ג
חנן,55,1,3,0,17,2,0,78,78,0,156,13,21,6,25,1,4,8,0,פ׳׳ג
רכב,58,0,0,20,0,0,0,78,78,0,157,7,10,20,2,0,2,37,0,Fort
מאס,72,5,0,0,0,0,0,77,77,0,158,36,17,11,0,5,2,6,0,ע׳׳ג
יבשׁ,40,0,3,34,0,0,0,77,77,0,159,51,16,6,0,2,2,0,0,פ׳׳וי
ערך,69,0,0,6,0,0,0,75,75,0,160,17,18,20,3,1,5,4,7,פ׳׳ג
חלה,36,10,18,4,3,3,1,75,75,0,161,32,2,6,3,0,7,25,0,ל׳׳ה
נצב,0,51,0,21,0,2,0,74,74,0,162,13,3,10,1,0,2,44,1,פ׳׳נ
חרשׁ,31,2,0,40,1,0,0,74,74,0,163,12,29,4,6,3,1,18,1,פ׳׳ג
זעק,60,6,0,7,0,0,0,73,73,0,164,12,15,34,7,0,5,0,0,ע׳׳ג
פלא,0,57,3,12,1,0,0,73,73,0,165,8,9,1,1,2,5,47,0,ל׳׳א
רחץ,69,0,0,0,1,0,2,72,72,0,166,39,10,8,5,0,8,2,0,ע׳׳ג
צרר,58,0,0,12,0,0,1,71,71,0,167,22,7,7,1,1,4,24,5,ע׳׳ע
שׁבת,27,4,0,40,0,0,0,71,71,0,168,44,16,6,1,0,2,2,0,Fort
לין,68,0,0,0,2,0,0,70,70,0,169,4,38,13,7,0,7,1,0,ע׳׳וי
אסר,63,5,0,0,0,0,2,70,70,0,170,16,8,18,5,2,6,1,14,פ׳׳א
משׁח,64,5,0,0,0,0,0,69,69,0,171,30,5,16,2,1,8,1,6,ל׳׳ג
נבט,0,0,1,68,0,0,0,69,69,0,172,11,23,8,20,0,6,1,0,פ׳׳נ
שׁקה,0,0,0,67,0,0,1,68,68,0,173,15,16,16,5,0,7,9,0,ל׳׳ה
אחז,59,7,1,0,0,1,0,68,68,0,174,19,12,11,7,0,5,4,10,פ׳׳א
פרשׂ,57,1,9,0,0,0,0,67,67,0,175,26,11,16,0,0,2,9,3,Fort
ריב,65,0,0,2,0,0,0,67,67,0,176,7,28,10,9,3,5,5,0,ע׳׳וי
תקע,64,3,0,0,0,0,0,67,67,0,177,22,9,17,8,2,2,6,1,ל׳׳ג
צלח,25,0,0,40,0,0,0,65,65,0,178,16,25,11,8,0,0,5,0,ל׳׳ג
שׁכם,0,0,0,65,0,0,0,65,65,0,179,6,3,36,3,13,0,4,0,Fort
ברח,59,0,0,6,0,0,0,65,65,0,180,13,8,22,5,1,10,6,0,ל׳׳ג
תפשׂ,49,15,1,0,0,0,0,65,65,0,181,17,7,15,6,1,8,10,1,Fort
פוץ,12,16,0,36,0,0,0,65,64,1,182,29,15,10,2,0,3,6,0,ע׳׳וי
חלק,21,6,26,8,1,0,3,65,65,0,183,19,24,11,2,0,5,4,0,פ׳׳ג
רפא,38,16,8,0,3,0,0,65,65,0,184,13,19,7,5,2,10,9,0,ל׳׳א
נצח,0,1,64,0,0,0,0,65,65,0,185,0,0,0,0,0,5,60,0,פ׳׳נ
תמם,53,0,0,8,2,0,0,63,63,0,186,23,12,4,1,0,23,0,0,Fort
ארר,54,1,7,0,0,1,0,63,63,0,187,3,5,0,4,1,0,10,40,פ׳׳א
קרע,58,5,0,0,0,0,0,63,63,0,188,16,8,26,2,1,2,1,7,ל׳׳ג
דרך,49,0,0,13,0,0,0,62,62,0,189,20,19,3,2,0,0,16,2,Fort
כשׁל,29,23,0,9,0,1,0,62,62,0,190,27,19,2,0,1,4,8,1,Fort
שׂכל,1,0,2,59,0,0,0,62,62,0,191,10,16,0,1,6,8,21,0,Fort
נצר,62,0,0,0,0,0,0,62,62,0,192,5,28,0,6,1,1,16,5,פ׳׳נ
נחל,30,0,4,17,7,1,0,59,59,0,193,21,27,2,0,1,7,1,0,פ׳׳נ
יכח,0,3,0,54,1,1,0,59,59,0,194,10,24,3,1,6,3,12,0,פ׳׳וי
פדה,53,3,0,1,0,1,0,58,58,0,195,21,19,4,5,3,2,2,2,ל׳׳ה
שׁדד,32,1,3,0,0,2,20,58,58,0,196,23,7,0,1,1,1,21,4,ע׳׳ע
נטע,57,1,0,0,0,0,0,58,58,0,197,28,9,7,4,0,5,3,2,פ׳׳נ
חדל,58,0,0,0,0,0,0,58,58,0,198,19,18,8,12,0,1,0,0,פ׳׳ג
פעל,57,0,0,0,0,0,0,57,57,0,199,17,10,1,0,0,1,28,0,ע׳׳ג
רחק,29,0,4,24,0,0,0,57,57,0,200,21,19,1,7,4,5,0,0,ע׳׳ג
רצה,46,7,1,1,1,0,0,56,56,0,201,14,28,3,2,0,4,3,2,ל׳׳ה
זרע,46,6,0,3,0,0,1,56,56,0,202,11,24,3,4,0,1,11,2,ל׳׳ג
צעק,47,6,1,1,0,0,0,55,55,0,203,10,11,25,3,1,1,4,0,ע׳׳ג
ברא,38,10,5,1,0,0,0,54,54,0,204,26,2,2,3,1,6,14,0,ל׳׳א
נדח,1,24,0,27,0,1,1,54,54,0,205,22,3,4,1,0,5,17,2,פ׳׳נ
כעס,6,0,2,46,0,0,0,54,54,0,206,11,5,7,0,0,26,5,0,ע׳׳ג
אבה,54,0,0,0,0,0,0,54,54,0,207,42,11,0,0,0,0,1,0,פ׳׳א
יצק,42,0,0,3,0,9,0,54,54,0,208,14,6,14,3,0,2,1,14,פ׳׳וי
חזה,54,0,0,0,0,0,0,54,54,0,209,21,19,3,4,0,2,5,0,ל׳׳ה
דבק,39,0,0,12,0,1,2,54,54,0,210,21,19,10,0,0,3,0,1,Fort
חתת,17,30,2,5,0,0,0,54,54,0,211,19,31,1,3,0,0,0,0,ע׳׳ע
מדד,43,3,6,0,1,0,0,53,53,0,212,17,7,28,0,0,1,0,0,ע׳׳ע
רנן,19,0,28,5,0,0,1,53,53,0,213,2,32,1,15,2,1,0,0,Fort
חרם,1,0,0,48,0,3,0,52,52,0,214,19,8,9,3,5,7,0,1,פ׳׳ג
כבס,3,0,44,0,0,0,2,51,49,2,215,20,21,2,2,0,2,4,0,Fort
בקע,16,15,12,2,2,1,3,51,51,0,216,17,11,13,1,0,4,3,2,ל׳׳ג
פרר,1,0,2,43,1,3,0,50,50,0,217,16,12,4,3,3,10,2,0,ע׳׳ע
תעה,27,2,0,21,0,0,0,50,50,0,218,20,7,9,0,0,4,10,0,ל׳׳ה
נשׂג,0,0,0,49,0,0,0,49,49,0,219,13,25,6,0,1,0,4,0,פ׳׳נ
בגד,49,0,0,0,0,0,0,49,49,0,220,15,5,2,0,2,2,23,0,Fort
נכר,0,2,5,38,4,0,0,49,49,0,221,10,17,10,3,2,1,6,0,פ׳׳נ
אור,13,2,0,34,0,0,0,49,49,0,222,7,11,4,8,0,14,5,0,פ׳׳א
נגף,25,23,0,0,1,0,0,49,49,0,223,11,11,15,0,2,4,6,0,פ׳׳נ
בלע,20,2,23,0,1,0,3,49,49,0,224,14,18,8,1,0,6,1,1,ל׳׳ג
פרץ,46,1,0,0,1,0,1,49,49,0,225,18,8,11,0,1,2,4,5,Fort
רפה,14,4,6,21,3,0,0,48,48,0,226,10,20,2,9,0,0,7,0,ל׳׳ה
יצב,0,0,0,0,48,0,0,48,48,0,227,2,14,12,14,0,6,0,0,פ׳׳וי
סמך,41,6,1,0,0,0,0,48,48,0,228,25,5,7,2,0,0,6,3,Fort
קוה,5,2,41,0,0,0,0,48,48,0,229,20,12,3,6,2,0,5,0,ע׳׳וי
זמר,2,1,45,0,0,0,0,48,48,0,230,0,28,0,18,0,2,0,0,Fort
קצר,46,0,1,1,0,0,0,48,48,0,231,9,15,4,3,1,5,11,0,Fort
רצח,40,2,5,0,0,0,0,47,47,0,232,3,8,0,0,2,0,34,0,ל׳׳ג
גרשׁ,7,3,35,0,0,0,2,47,47,0,233,10,11,14,2,1,2,2,5,Fort
שׁבה,39,8,0,0,0,0,0,47,47,0,234,20,1,12,1,0,1,10,2,ל׳׳ה
חיל,29,0,7,2,3,1,5,47,47,0,235,11,21,7,5,0,1,2,0,ע׳׳וי
עצר,36,10,0,0,0,0,0,46,46,0,236,10,13,5,0,1,4,1,12,פ׳׳ג
קשׁב,1,0,0,45,0,0,0,46,46,0,237,9,5,1,23,0,4,4,0,Fort
מאן,0,0,46,0,0,0,0,46,46,0,238,22,3,15,0,1,0,5,0,ע׳׳ג
פגע,40,0,0,6,0,0,0,46,46,0,239,15,13,7,6,0,3,2,0,ל׳׳ג
סלח,33,13,0,0,0,0,0,46,46,0,240,29,10,0,3,0,3,1,0,ל׳׳ג
גיל,45,0,0,0,0,0,0,45,45,0,241,1,33,2,8,1,0,0,0,ע׳׳וי
יצר,42,1,0,0,0,1,1,45,45,0,242,14,3,2,0,0,0,26,0,פ׳׳וי
מרה,22,0,0,23,0,0,0,45,45,0,243,17,5,10,0,1,3,9,0,ל׳׳ה
דמה,17,13,14,0,1,0,0,45,45,0,244,28,12,0,2,1,0,2,0,ל׳׳ה
רחם,1,0,42,0,0,0,2,45,45,0,245,14,22,1,0,2,3,3,0,ע׳׳ג
טוב,41,0,0,3,0,0,0,44,44,0,246,38,0,0,0,0,6,0,0,ע׳׳וי
נקה,1,24,19,0,0,0,0,44,44,0,247,13,22,0,2,7,0,0,0,פ׳׳נ
חגר,44,0,0,0,0,0,0,44,44,0,248,6,6,9,10,0,1,2,10,פ׳׳ג
עוד,0,0,3,39,1,1,0,44,44,0,249,13,9,12,3,5,0,2,0,ע׳׳וי
רוע,0,0,0,40,3,0,1,44,44,0,250,5,13,8,15,0,2,1,0,ע׳׳וי
קשׁר,36,2,2,0,3,0,1,44,44,0,251,11,6,16,3,0,0,4,4,Fort
בלל,42,0,0,1,1,0,0,44,44,0,252,2,2,2,0,0,0,0,38,ע׳׳ע
חלץ,22,7,14,1,0,0,0,44,44,0,253,5,12,3,4,0,1,1,18,פ׳׳ג
בזה,32,10,0,1,0,0,0,43,43,0,254,12,2,7,0,0,2,16,4,ל׳׳ה
בזז,39,3,0,0,0,0,1,43,43,0,255,15,8,5,2,1,6,5,1,ע׳׳ע
יסד,20,4,10,0,0,3,6,43,43,0,256,28,2,0,0,0,7,3,3,פ׳׳וי
פשׁט,24,0,3,15,1,0,0,43,43,0,257,18,5,12,2,0,4,2,0,Fort
יסר,5,5,31,1,0,0,0,43,42,1,258,17,13,1,5,2,2,3,0,פ׳׳וי
הרס,30,10,3,0,0,0,0,43,43,0,259,16,16,1,2,1,2,4,1,פ׳׳ג
הרה,41,0,1,0,0,0,1,43,43,0,260,7,1,29,0,3,0,3,0,ל׳׳ה
בדל,0,10,0,32,0,0,0,42,42,0,261,12,8,10,2,1,5,4,0,Fort
זוב,42,0,0,0,0,0,0,42,42,0,262,1,3,3,0,0,0,35,0,ע׳׳וי
אזן,0,0,1,41,0,0,0,42,42,0,263,7,4,0,30,0,0,1,0,פ׳׳א
נתץ,31,3,6,0,0,1,1,42,42,0,264,17,9,11,1,0,3,0,1,פ׳׳נ
ארב,38,0,2,1,0,0,0,41,41,0,265,5,8,4,1,0,1,22,0,פ׳׳א
שׁקט,31,0,0,10,0,0,0,41,41,0,266,12,9,6,1,5,2,6,0,Fort
זרה,9,2,26,0,0,0,4,41,41,0,267,18,8,3,1,0,5,5,1,ל׳׳ה
פשׁע,40,1,0,0,0,0,0,41,41,0,268,16,3,6,1,1,2,12,0,ל׳׳ג
רגז,30,0,0,7,4,0,0,41,41,0,269,10,17,5,2,0,4,3,0,Fort
אמץ,16,0,19,2,4,0,0,41,41,0,270,9,8,7,13,1,1,2,0,פ׳׳א
חרף,5,1,35,0,0,0,0,41,41,0,271,22,5,2,0,0,7,5,0,פ׳׳ג
צדק,22,1,5,12,1,0,0,41,41,0,272,11,19,1,1,0,5,4,0,Fort
יחל,0,2,24,15,0,0,0,41,41,0,273,15,15,2,5,0,0,4,0,פ׳׳וי
נוע,24,2,0,14,0,0,0,40,40,0,274,11,12,6,1,3,4,3,0,פ׳׳נ
נחה,12,0,0,28,0,0,0,40,40,0,275,10,17,7,4,0,2,0,0,פ׳׳נ
גנב,31,1,2,0,2,0,4,40,40,0,276,10,10,8,0,4,0,4,4,Fort
חמל,40,0,0,0,0,0,0,40,40,0,277,10,24,6,0,0,0,0,0,פ׳׳ג
נטשׁ,33,6,0,0,0,0,1,40,40,0,278,17,8,12,1,0,0,0,2,פ׳׳נ
חרב,19,3,0,13,0,3,2,40,40,0,279,13,14,1,4,2,0,5,1,פ׳׳ג
חפר,36,0,0,4,0,0,0,40,40,0,280,15,11,9,0,0,3,2,0,פ׳׳ג
בהל,0,24,10,3,0,0,2,39,39,0,281,14,12,5,0,0,2,4,2,ע׳׳ג
אבל,18,0,0,2,19,0,0,39,39,0,282,16,7,9,1,0,0,6,0,פ׳׳א
חרד,23,0,0,16,0,0,0,39,39,0,283,9,6,9,1,0,2,12,0,פ׳׳ג
קהל,0,19,0,20,0,0,0,39,39,0,284,7,3,20,5,0,3,1,0,ע׳׳ג
כול,1,0,24,12,0,0,1,38,38,0,285,9,14,3,0,0,11,1,0,ע׳׳וי
כלם,0,26,0,10,0,2,0,38,38,0,286,13,12,1,1,0,4,7,0,Fort
לקט,14,0,21,0,1,0,1,37,37,0,287,8,10,8,2,0,6,3,0,Fort
עשׁק,36,0,0,0,0,0,1,37,37,0,288,9,7,0,0,0,3,9,9,פ׳׳ג
חסה,37,0,0,0,0,0,0,37,37,0,289,13,8,0,1,0,4,11,0,ל׳׳ה
גמל,34,3,0,0,0,0,0,37,37,0,290,15,6,4,1,0,3,4,4,Fort
צור,37,0,0,0,0,0,0,37,37,0,291,6,4,15,1,0,2,9,0,ע׳׳וי
אשׁם,35,1,0,1,0,0,0,37,37,0,292,15,14,3,1,2,2,0,0,פ׳׳א
שׂחק,18,0,17,1,0,0,0,36,36,0,293,4,16,1,0,0,3,12,0,ע׳׳ג
נוף,1,0,1,33,0,1,0,36,36,0,294,20,5,3,1,0,4,3,0,פ׳׳נ
משׁך,30,3,0,0,0,0,3,36,36,0,295,8,8,4,4,0,4,5,3,Fort
מעל,36,0,0,0,0,0,0,36,36,0,296,22,3,4,0,1,6,0,0,ע׳׳ג
פרח,31,0,0,5,0,0,0,36,36,0,297,11,15,0,0,2,1,7,0,ל׳׳ג
כנע,0,25,0,11,0,0,0,36,36,0,298,9,5,18,1,0,3,0,0,ל׳׳ג
מוט,11,23,0,1,1,0,0,36,36,0,299,6,26,0,0,3,0,1,0,ע׳׳וי
כרע,30,0,0,6,0,0,0,36,36,0,300,14,11,5,1,1,1,3,0,ל׳׳ג
מחה,23,9,0,3,0,0,1,36,36,0,301,11,15,2,3,1,2,1,1,ל׳׳ה
נסה,0,0,36,0,0,0,0,36,36,0,302,11,6,6,2,0,10,1,0,פ׳׳נ
נקם,13,12,2,0,5,3,0,35,35,0,303,6,12,1,3,1,5,7,0,פ׳׳נ
נשׁק,29,0,5,1,0,0,0,35,35,0,304,4,6,17,2,0,2,4,0,פ׳׳נ
נשׁא,17,1,0,17,0,0,0,35,35,0,305,11,11,0,0,2,0,11,0,פ׳׳נ
זרק,33,0,0,0,0,0,2,35,35,0,306,14,4,13,1,0,1,2,0,Fort
המה,34,0,0,0,0,0,0,34,34,0,307,6,16,3,0,0,1,8,0,ל׳׳ה
חבא,0,16,0,6,10,1,1,34,34,0,308,13,4,7,0,0,2,8,0,ל׳׳א
יהב,34,0,0,0,0,0,0,34,34,0,309,0,0,0,34,0,0,0,0,פ׳׳וי
ארך,3,0,0,31,0,0,0,34,34,0,310,8,18,3,1,0,2,2,0,פ׳׳א
גבה,24,0,0,10,0,0,0,34,34,0,311,13,7,8,0,2,2,2,0,ל׳׳ה
קצף,28,0,0,5,1,0,0,34,34,0,312,12,7,11,0,0,2,2,0,Fort
קנא,0,0,30,4,0,0,0,34,34,0,313,12,9,7,0,2,2,2,0,ל׳׳א
רשׁע,9,0,0,25,0,0,0,34,34,0,314,12,17,1,0,0,2,2,0,ל׳׳ג
צמח,15,0,4,14,0,0,0,33,33,0,315,4,19,2,0,0,2,6,0,ל׳׳ג
מול,12,18,0,3,0,0,0,33,33,0,316,9,7,4,1,3,6,1,2,ע׳׳וי
צרף,30,1,2,0,0,0,0,33,33,0,317,6,3,0,1,1,3,14,5,Fort
חתן,22,0,0,0,11,0,0,33,33,0,318,1,2,2,2,0,4,22,0,פ׳׳ג
חבשׁ,29,0,2,0,0,0,2,33,33,0,319,5,5,10,4,0,3,2,4,פ׳׳ג
ערב,25,0,0,1,7,0,0,33,33,0,320,13,7,1,4,1,3,4,0,פ׳׳ג
כחד,0,11,15,6,0,0,0,32,32,0,321,11,14,3,0,0,1,3,0,ע׳׳ג
צפן,27,3,0,2,0,0,0,32,32,0,322,10,12,2,0,0,1,1,6,Fort
שׁטף,28,2,0,0,0,0,1,31,31,0,323,7,10,2,0,0,0,12,0,Fort
נהג,20,0,11,0,0,0,0,31,31,0,324,4,9,10,1,0,0,6,1,פ׳׳נ
טמן,28,1,0,2,0,0,0,31,31,0,325,12,0,6,3,0,3,0,7,Fort
נאף,16,0,15,0,0,0,0,31,31,0,326,3,6,3,0,3,0,16,0,פ׳׳נ
נדר,31,0,0,0,0,0,0,31,31,0,327,10,11,5,1,0,2,2,0,פ׳׳נ
ילל,0,0,0,30,0,0,0,30,30,0,328,4,9,0,17,0,0,0,0,פ׳׳וי
ספד,28,2,0,0,0,0,0,30,30,0,329,3,9,7,4,1,4,2,0,Fort
שׁפל,11,0,0,19,0,0,0,30,30,0,330,7,11,3,2,0,4,3,0,Fort
דמם,23,5,1,1,0,0,0,30,30,0,331,5,14,3,8,0,0,0,0,Fort
גזל,29,1,0,0,0,0,0,30,30,0,332,12,6,3,0,0,1,3,5,Fort
רבץ,24,0,0,6,0,0,0,30,30,0,333,8,11,1,0,0,0,10,0,Fort
רעשׁ,22,1,0,7,0,0,0,30,30,0,334,12,9,5,0,0,0,4,0,ע׳׳ג
מנע,25,4,0,0,0,0,0,29,29,0,335,11,11,2,3,0,0,2,0,ל׳׳ג
חבר,11,0,9,1,3,0,4,29,28,1,336,9,4,4,0,0,3,8,1,פ׳׳ג
בחן,25,3,0,0,0,0,1,29,29,0,337,9,9,0,4,0,1,6,0,ע׳׳ג
יעד,5,19,0,3,0,2,0,29,29,0,338,10,10,2,0,0,0,5,2,פ׳׳וי
חלם,27,0,0,2,0,0,0,29,29,0,339,12,5,6,0,0,0,6,0,פ׳׳ג
הגה,26,0,0,1,0,1,0,28,28,0,340,4,19,0,0,4,0,1,0,ל׳׳ה
עלם,1,11,0,10,6,0,0,28,28,0,341,11,8,0,0,1,1,6,1,פ׳׳ג
בשׁל,2,0,21,1,0,0,4,28,28,0,342,11,7,3,3,0,1,1,2,Fort
קשׁה,5,1,1,21,0,0,0,28,28,0,343,10,6,8,0,0,1,3,0,ל׳׳ה
רדה,25,0,2,1,0,0,0,28,28,0,344,4,10,4,3,0,1,6,0,ל׳׳ה
פתה,5,2,17,1,0,0,3,28,28,0,345,4,14,3,2,0,1,4,0,ל׳׳ה
חלף,16,0,2,10,0,0,0,28,28,0,346,9,14,3,1,0,1,0,0,פ׳׳ג
חשׂך,26,2,0,0,0,0,0,28,28,0,347,13,9,1,1,0,0,4,0,פ׳׳ג
מנה,12,6,9,0,0,0,1,28,28,0,348,6,5,6,2,0,6,2,1,ל׳׳ה
פלט,1,0,24,2,0,0,0,27,27,0,349,1,11,3,4,1,1,6,0,Fort
יצת,4,6,0,17,0,0,0,27,27,0,350,16,4,5,1,0,0,1,0,פ׳׳וי
נתק,3,10,11,2,0,1,0,27,27,0,351,9,12,3,1,0,1,0,1,פ׳׳נ
חקר,22,4,1,0,0,0,0,27,27,0,352,8,10,0,2,0,5,2,0,פ׳׳ג
חבל,15,1,9,0,0,0,2,27,27,0,353,7,10,0,2,1,4,2,1,פ׳׳ג
שׂושׂ,27,0,0,0,0,0,0,27,27,0,354,7,13,0,3,1,1,2,0,ע׳׳וי
תלה,23,2,2,0,0,0,0,27,27,0,355,13,2,4,1,0,2,1,4,ל׳׳ה
חכם,19,0,3,1,2,0,2,27,27,0,356,7,12,1,4,0,0,1,2,פ׳׳ג
אוה,0,0,11,0,16,0,0,27,27,0,357,10,11,3,0,0,0,3,0,פ׳׳א
נדד,23,0,1,1,0,2,0,27,27,0,358,10,5,1,0,0,1,9,1,פ׳׳נ
ינק,18,0,0,9,0,0,0,27,27,0,359,4,6,3,1,0,1,12,0,פ׳׳וי
קרה,13,6,5,3,0,0,0,27,27,0,360,10,9,3,1,0,2,2,0,ל׳׳ה
פרה,20,0,0,7,0,0,0,27,27,0,361,10,4,2,5,0,0,6,0,ל׳׳ה
חמם,24,1,1,0,1,0,0,27,27,0,362,5,8,2,0,0,11,1,0,פ׳׳ג
לוה,6,11,0,9,0,0,0,26,26,0,363,9,7,0,0,0,0,10,0,ע׳׳וי
נסך,8,1,1,14,0,2,0,26,26,0,364,6,5,5,0,8,1,0,1,פ׳׳נ
סוג,4,14,0,7,0,1,0,26,26,0,365,7,11,1,0,1,1,4,1,ע׳׳וי
יגע,20,0,2,4,0,0,0,26,26,0,366,16,10,0,0,0,0,0,0,פ׳׳וי
רגל,1,0,24,0,0,0,0,26,25,1,367,2,0,3,1,0,8,12,0,Fort
קדם,0,0,24,2,0,0,0,26,26,0,368,12,13,0,1,0,0,0,0,Fort
פרד,1,12,1,7,4,0,1,26,26,0,369,5,9,2,1,0,2,5,2,Fort
חתם,22,2,1,1,0,0,0,26,26,0,370,2,3,3,3,2,1,2,10,פ׳׳ג
שׁלף,25,0,0,0,0,0,0,25,25,0,371,5,0,2,3,0,0,11,4,Fort
חצב,22,1,0,1,0,0,1,25,25,0,372,6,2,1,0,0,2,12,2,פ׳׳ג
מרד,25,0,0,0,0,0,0,25,25,0,373,7,4,7,0,0,3,4,0,Fort
ישׁר,13,0,9,2,0,0,1,25,25,0,374,7,7,7,2,0,0,1,1,פ׳׳וי
טרף,20,2,0,1,0,0,2,25,25,0,375,6,6,1,1,3,3,5,0,Fort
רחב,3,1,0,21,0,0,0,25,25,0,376,11,7,1,3,0,1,2,0,ע׳׳ג
פחד,22,0,2,1,0,0,0,25,25,0,377,14,9,1,0,0,0,1,0,ע׳׳ג
שׁנה,13,1,9,0,1,0,1,25,25,0,378,5,6,3,1,0,4,6,0,ל׳׳ה
נוד,18,0,0,3,4,0,0,25,25,0,379,2,11,1,4,0,4,3,0,פ׳׳נ
שׁטר,25,0,0,0,0,0,0,25,25,0,380,0,0,0,0,0,0,25,0,Fort
גבר,17,0,3,2,3,0,0,25,25,0,381,17,6,2,0,0,0,0,0,Fort
זקן,22,0,0,2,0,0,0,24,24,0,382,21,2,1,0,0,0,0,0,Fort
רושׁ,23,0,0,0,1,0,0,24,24,0,383,1,0,0,0,0,0,23,0,ע׳׳וי
כבה,14,0,10,0,0,0,0,24,24,0,384,2,15,1,0,0,2,4,0,ל׳׳ה
נזה,4,0,0,20,0,0,0,24,24,0,385,14,5,3,1,0,0,1,0,פ׳׳נ
שׁכל,4,0,18,2,0,0,0,24,24,0,386,11,6,0,0,0,1,6,0,Fort
חוס,24,0,0,0,0,0,0,24,24,0,387,2,18,2,2,0,0,0,0,ע׳׳וי
נבל,20,0,4,0,0,0,0,24,24,0,388,7,9,1,0,1,1,5,0,פ׳׳נ
רבב,23,0,0,0,0,0,1,24,24,0,389,20,0,0,0,0,3,0,1,ע׳׳ע
עוף,18,0,4,1,1,0,0,24,24,0,390,1,11,5,0,0,2,5,0,ע׳׳וי
גוע,24,0,0,0,0,0,0,24,24,0,391,5,10,6,0,0,2,1,0,ע׳׳וי
בשׂר,0,0,23,0,1,0,0,24,24,0,392,3,6,0,2,0,3,10,0,Fort
חסר,20,0,2,2,0,0,0,24,24,0,393,6,13,2,0,1,0,2,0,פ׳׳ג
נאץ,8,0,15,0,0,0,0,24,23,1,394,12,5,2,0,1,0,4,0,פ׳׳נ
תור,22,0,0,2,0,0,0,24,24,0,395,4,4,2,0,0,11,3,0,ע׳׳וי
יאל,0,4,0,19,0,0,0,23,23,0,396,11,1,6,5,0,0,0,0,פ׳׳וי
דין,22,1,0,0,0,0,0,23,23,0,397,3,12,0,2,0,3,3,0,ע׳׳וי
חפשׂ,4,1,8,0,8,0,2,23,23,0,398,4,7,7,3,0,0,1,1,פ׳׳ג
יעל,0,0,0,23,0,0,0,23,23,0,399,1,15,0,0,1,5,1,0,פ׳׳וי
גלח,0,0,18,0,2,0,3,23,23,0,400,8,8,4,0,0,2,0,1,ל׳׳ג
נגשׂ,19,4,0,0,0,0,0,23,23,0,401,5,3,0,0,0,0,15,0,פ׳׳נ
כהן,0,0,23,0,0,0,0,23,23,0,402,4,1,3,0,0,15,0,0,ע׳׳ג
גרע,14,7,1,0,0,0,0,22,22,0,403,2,15,1,0,0,1,1,2,ל׳׳ג
גדע,5,7,9,0,0,0,1,22,22,0,404,13,4,4,0,0,0,0,1,ל׳׳ג
תעב,0,3,15,4,0,0,0,22,22,0,405,7,7,3,0,1,0,4,0,ע׳׳ג
קיץ,1,0,0,21,0,0,0,22,22,0,406,9,4,0,6,0,2,1,0,ע׳׳וי
זהר,0,8,0,14,0,0,0,22,22,0,407,14,1,0,1,0,3,3,0,ע׳׳ג
שׁקל,19,3,0,0,0,0,0,22,22,0,408,3,9,6,0,1,1,2,0,Fort
שׁקף,0,10,0,12,0,0,0,22,22,0,409,9,1,7,1,0,0,4,0,Fort
כחשׁ,1,1,19,0,1,0,0,22,22,0,410,10,8,1,0,2,1,0,0,ע׳׳ג
מעט,8,0,1,13,0,0,0,22,22,0,411,3,14,1,0,0,1,3,0,ע׳׳ג
עתר,5,9,0,8,0,0,0,22,22,0,412,3,3,9,4,1,1,1,0,פ׳׳ג
פשׂה,22,0,0,0,0,0,0,22,22,0,413,14,4,0,0,4,0,0,0,ל׳׳ה
מושׁ,18,0,0,4,0,0,0,22,22,0,414,3,19,0,0,0,0,0,0,ע׳׳וי
סקל,12,4,4,0,0,0,2,22,22,0,415,7,5,5,2,2,1,0,0,Fort
שׁען,0,22,0,0,0,0,0,22,22,0,416,5,7,1,1,0,4,4,0,ע׳׳ג
שׁזר,0,0,0,0,0,21,0,21,21,0,417,0,0,0,0,0,0,0,21,Fort
שׁוע,0,0,21,0,0,0,0,21,21,0,418,4,11,1,0,0,3,2,0,ע׳׳וי
נתך,7,8,0,5,0,1,0,21,21,0,419,9,6,4,0,0,1,1,0,פ׳׳נ
תמך,20,1,0,0,0,0,0,21,21,0,420,5,9,1,0,1,1,4,0,Fort
אתה,19,0,0,2,0,0,0,21,21,0,421,3,6,4,5,0,0,3,0,פ׳׳א
סחר,20,0,1,0,0,0,0,21,21,0,422,2,2,0,1,0,0,16,0,ע׳׳ג
שׁוה,8,0,10,2,0,0,0,21,20,1,423,8,8,0,0,0,0,5,0,ע׳׳וי
מסס,1,19,0,1,0,0,0,21,21,0,424,9,4,4,0,1,2,1,0,ע׳׳ע
נתשׁ,16,4,0,0,0,1,0,21,21,0,425,5,7,2,0,1,4,2,0,פ׳׳נ
צום,21,0,0,0,0,0,0,21,21,0,426,5,4,8,1,1,0,2,0,ע׳׳וי
שׁגה,17,0,0,4,0,0,0,21,21,0,427,5,7,1,0,0,1,7,0,ל׳׳ה
חמד,16,4,1,0,0,0,0,21,21,0,428,6,7,1,0,0,0,4,3,פ׳׳ג
נפץ,5,0,15,0,0,0,1,21,21,0,429,15,2,0,0,1,1,0,2,פ׳׳נ
שׁאג,20,0,0,0,0,0,0,20,20,0,430,3,11,0,0,1,0,5,0,ע׳׳ג
שׂכר,17,1,0,0,2,0,0,20,20,0,431,5,1,6,0,1,1,5,1,Fort
שׂיח,18,0,2,0,0,0,0,20,20,0,432,0,15,0,4,0,1,0,0,ע׳׳וי
פקח,17,3,0,0,0,0,0,20,20,0,433,3,2,5,6,1,1,1,1,ל׳׳ג
זנח,16,0,0,4,0,0,0,20,20,0,434,14,5,1,0,0,0,0,0,ל׳׳ג
עצם,17,0,2,1,0,0,0,20,20,0,435,14,0,4,0,0,1,1,0,פ׳׳ג
שׂגב,2,10,6,1,0,0,1,20,20,0,436,6,6,2,0,0,0,6,0,Fort
צרע,5,0,0,0,0,0,15,20,20,0,437,0,0,0,0,0,0,0,20,ל׳׳ג
יחשׂ,0,0,0,0,20,0,0,20,20,0,438,2,0,0,0,0,16,2,0,פ׳׳וי
עלל,0,0,11,0,8,0,1,20,20,0,439,11,3,2,1,1,1,1,0,ע׳׳ע
חושׁ,14,0,0,6,0,0,0,20,20,0,440,3,5,1,8,0,1,1,1,ע׳׳וי
סכך,12,0,1,7,0,0,0,20,20,0,441,4,5,4,0,0,1,6,0,Fort
קסם,20,0,0,0,0,0,0,20,20,0,442,0,2,1,1,0,4,12,0,Fort
שׁאב,19,0,0,0,0,0,0,19,19,0,443,1,3,5,1,0,4,5,0,ע׳׳ג
נקף,1,0,2,16,0,0,0,19,19,0,444,9,3,2,1,2,0,2,0,פ׳׳נ
נקב,13,6,0,0,0,0,0,19,19,0,445,9,3,2,1,0,1,1,2,פ׳׳נ
לאה,3,10,0,6,0,0,0,19,19,0,446,12,2,3,0,0,1,1,0,ל׳׳ה
ריק,0,0,0,17,0,2,0,19,19,0,447,5,9,1,1,0,1,2,0,ע׳׳וי
לחץ,18,1,0,0,0,0,0,19,19,0,448,6,3,4,0,0,0,6,0,ע׳׳ג
רמס,18,1,0,0,0,0,0,19,19,0,449,1,8,7,1,0,1,1,0,Fort
חקק,9,0,8,0,0,1,1,19,19,0,450,2,2,0,1,0,2,10,2,ע׳׳ע
ישׁן,15,3,1,0,0,0,0,19,19,0,451,5,6,5,0,0,1,2,0,פ׳׳וי
ינה,5,0,0,14,0,0,0,19,19,0,452,4,8,0,0,0,1,6,0,פ׳׳וי
כרה,18,1,0,0,0,0,0,19,19,0,453,9,5,3,0,0,0,2,0,ל׳׳ה
דכא,0,1,11,0,2,0,4,18,18,0,454,3,10,0,0,0,2,1,2,ל׳׳א
שׁכר,9,0,4,4,1,0,0,18,18,0,455,3,6,3,3,1,1,1,0,Fort
שׁחח,12,4,0,2,0,0,0,18,18,0,456,9,5,3,0,0,1,0,0,ע׳׳ע
לעג,12,1,0,5,0,0,0,18,18,0,457,2,9,3,0,0,0,4,0,ע׳׳ג
זרח,18,0,0,0,0,0,0,18,18,0,458,10,4,1,0,0,2,1,0,ל׳׳ג
רצץ,10,2,4,1,1,0,0,18,18,0,459,5,1,5,0,0,0,1,6,Fort
סות,0,0,0,18,0,0,0,18,18,0,460,4,5,7,0,0,0,2,0,ע׳׳וי
תכן,3,10,4,0,0,0,1,18,18,0,461,5,9,0,0,0,0,3,1,Fort
יבל,0,0,0,7,0,11,0,18,18,0,462,0,18,0,0,0,0,0,0,פ׳׳וי
נטף,9,0,0,9,0,0,0,18,18,0,463,5,9,0,2,0,0,2,0,פ׳׳נ
ספה,8,9,0,1,0,0,0,18,18,0,464,2,9,0,0,0,4,3,0,ל׳׳ה
רכל,17,0,0,0,0,0,0,17,17,0,465,0,0,0,0,0,0,17,0,Fort
עצב,3,7,3,2,2,0,0,17,17,0,466,5,7,2,0,0,2,0,1,פ׳׳ג
עטה,15,0,0,2,0,0,0,17,17,0,467,3,8,1,0,1,0,4,0,ל׳׳ה
כתת,5,0,5,2,0,4,1,17,17,0,468,7,4,3,1,0,0,0,2,ע׳׳ע
רמשׂ,17,0,0,0,0,0,0,17,17,0,469,0,3,0,0,0,0,14,0,Fort
מוג,4,8,2,0,3,0,0,17,17,0,470,7,5,2,0,1,1,1,0,ע׳׳וי
עשׁר,2,0,0,14,1,0,0,17,17,0,471,3,9,1,0,0,2,2,0,פ׳׳ג
חשׁך,11,0,0,6,0,0,0,17,17,0,472,9,5,2,0,0,0,1,0,פ׳׳ג
מטר,0,1,0,16,0,0,0,17,17,0,473,3,6,3,0,0,2,3,0,Fort
סרר,17,0,0,0,0,0,0,17,17,0,474,1,0,0,0,0,0,16,0,ע׳׳ע
נדב,3,0,0,0,14,0,0,17,17,0,475,5,1,1,0,0,5,5,0,פ׳׳נ
אחר,1,0,15,1,0,0,0,17,17,0,476,2,10,2,0,0,0,3,0,פ׳׳א
קדר,13,0,0,3,1,0,0,17,17,0,477,8,1,1,0,0,0,7,0,Fort
שׁור,17,0,0,0,0,0,0,17,17,0,478,0,15,1,1,0,0,0,0,ע׳׳וי
בצע,11,0,6,0,0,0,0,17,17,0,479,1,6,1,0,0,3,6,0,ל׳׳ג
כלא,14,3,0,0,0,0,0,17,17,0,480,6,4,3,1,0,1,0,2,ל׳׳א
מרר,8,0,3,4,2,0,0,17,17,0,481,9,3,3,0,1,1,0,0,ע׳׳ע
באשׁ,5,3,0,8,1,0,0,17,17,0,482,9,3,3,0,1,1,0,0,ע׳׳ג
צוד,13,0,4,0,0,0,0,17,17,0,483,3,7,0,1,1,2,3,0,ע׳׳וי
גלל,10,2,1,0,3,0,1,17,17,0,484,6,1,1,5,0,1,2,1,ע׳׳ע
עוה,2,4,2,9,0,0,0,17,17,0,485,13,0,0,0,1,1,2,0,ע׳׳וי
ברר,8,3,1,2,2,0,0,16,16,0,486,1,2,0,2,0,4,2,5,ע׳׳ע
שׁלל,14,0,0,0,1,0,0,16,15,1,487,5,2,0,0,0,5,4,0,ע׳׳ע
בעת,0,3,13,0,0,0,0,16,16,0,488,6,9,0,0,0,0,1,0,ע׳׳ג
בעל,14,2,0,0,0,0,0,16,16,0,489,7,4,0,0,0,0,1,4,ע׳׳ג
עלז,16,0,0,0,0,0,0,16,16,0,490,0,11,2,2,0,1,0,0,פ׳׳ג
נשׁך,11,0,2,3,0,0,0,16,16,0,491,4,7,1,0,0,0,3,1,פ׳׳נ
שׁוט,10,0,5,0,1,0,0,16,16,0,492,1,2,1,3,0,2,7,0,ע׳׳וי
טבל,15,1,0,0,0,0,0,16,16,0,493,9,1,5,0,0,0,1,0,Fort
יצג,0,0,0,15,0,1,0,16,16,0,494,4,3,6,1,1,0,1,0,פ׳׳וי
אזר,6,1,6,0,3,0,0,16,16,0,495,2,3,3,4,0,0,3,1,פ׳׳א
רגם,16,0,0,0,0,0,0,16,16,0,496,4,3,6,0,2,1,0,0,Fort
חשׁה,7,0,0,9,0,0,0,16,16,0,497,2,5,1,2,0,1,5,0,ל׳׳ה
אשׁר,1,0,12,0,0,0,3,16,16,0,498,3,2,3,3,0,0,3,2,פ׳׳א
רבע,12,0,0,1,0,0,3,16,16,0,499,0,1,0,0,0,3,0,12,ל׳׳ג
כזב,1,2,12,1,0,0,0,16,16,0,500,3,11,0,0,0,1,1,0,Fort
פרע,13,1,0,2,0,0,0,16,16,0,501,3,6,1,1,0,1,2,2,ל׳׳ג
חגג,16,0,0,0,0,0,0,16,16,0,502,3,7,0,1,0,3,2,0,ע׳׳ע
צמת,1,2,2,10,0,0,0,15,15,0,503,6,6,1,1,0,0,1,0,Fort
בלה,11,0,4,0,0,0,0,15,15,0,504,7,5,0,0,0,3,0,0,ל׳׳ה
גזז,14,1,0,0,0,0,0,15,15,0,505,1,1,1,2,0,3,7,0,ע׳׳ע
אמל,0,0,0,0,0,0,15,15,15,0,506,15,0,0,0,0,0,0,0,פ׳׳א
פצה,15,0,0,0,0,0,0,15,15,0,507,9,1,0,3,0,0,2,0,ל׳׳ה
ערה,0,1,9,3,2,0,0,15,15,0,508,5,5,1,2,0,1,1,0,ל׳׳ה
נזל,14,0,0,1,0,0,0,15,15,0,509,1,7,0,0,0,0,7,0,פ׳׳נ
ערץ,11,1,0,3,0,0,0,15,15,0,510,0,10,0,0,0,3,2,0,פ׳׳ג
דושׁ,12,2,0,0,0,1,0,15,15,0,511,2,5,0,1,0,5,2,0,ע׳׳וי
נגן,1,0,14,0,0,0,0,15,15,0,512,2,1,0,0,1,5,6,0,פ׳׳נ
חצה,11,4,0,0,0,0,0,15,15,0,513,3,6,6,0,0,0,0,0,ל׳׳ה
שׁעה,12,0,0,1,2,0,0,15,15,0,514,2,9,1,3,0,0,0,0,ל׳׳ה
קדד,15,0,0,0,0,0,0,15,15,0,515,0,0,15,0,0,0,0,0,ע׳׳ע
פרס,2,0,0,12,0,0,0,14,14,0,516,2,2,0,0,1,0,9,0,Fort
רוה,3,0,6,5,0,0,0,14,14,0,517,8,4,0,1,0,0,1,0,ע׳׳וי
פאר,0,0,7,0,7,0,0,14,14,0,518,2,7,0,1,0,4,0,0,ע׳׳ג
קצץ,4,0,9,0,0,0,1,14,14,0,519,5,0,5,0,0,0,0,4,Fort
מרט,7,2,0,0,0,0,3,14,12,2,520,2,2,2,0,0,1,1,6,Fort
שׁחר,2,0,12,0,0,0,0,14,14,0,521,4,5,0,0,0,2,3,0,ע׳׳ג
פוח,13,0,0,1,0,0,0,14,14,0,522,0,13,0,1,0,0,0,0,ע׳׳וי
טול,0,0,1,9,0,4,0,14,14,0,523,4,4,4,1,0,0,1,0,ע׳׳וי
ארג,14,0,0,0,0,0,0,14,14,0,524,0,2,0,0,0,0,12,0,פ׳׳א
שׁרץ,14,0,0,0,0,0,0,14,14,0,525,4,2,1,1,0,0,6,0,Fort
חכה,1,0,13,0,0,0,0,14,14,0,526,5,2,0,2,0,0,5,0,ל׳׳ה
גרה,0,0,3,0,11,0,0,14,14,0,527,1,12,0,1,0,0,0,0,ל׳׳ה
מחץ,14,0,0,0,0,0,0,14,14,0,528,7,5,1,1,0,0,0,0,ע׳׳ג
סכן,8,1,0,4,0,0,1,14,14,0,529,2,6,0,1,1,0,3,1,Fort
קבב,14,0,0,0,0,0,0,14,14,0,530,2,5,1,3,0,3,0,0,ע׳׳ע
בוז,14,0,0,0,0,0,0,14,14,0,531,4,6,0,0,1,0,3,0,ע׳׳וי
עכר,12,2,0,0,0,0,0,14,14,0,532,6,1,0,0,0,0,7,0,פ׳׳ג
רוח,2,0,0,11,0,0,1,14,14,0,533,1,7,2,0,0,3,0,1,ע׳׳וי
עטף,6,1,0,1,6,0,0,14,14,0,534,0,7,1,0,0,6,0,0,פ׳׳ג
פגשׁ,10,3,1,0,0,0,0,14,14,0,535,5,3,4,0,1,1,0,0,Fort
אנף,8,0,0,0,6,0,0,14,14,0,536,7,4,3,0,0,0,0,0,פ׳׳א
שׁאף,14,0,0,0,0,0,0,14,14,0,537,5,3,1,0,1,0,4,0,ע׳׳ג
מור,0,1,0,13,0,0,0,14,14,0,538,2,8,1,0,2,1,0,0,ע׳׳וי
כבשׁ,8,5,1,0,0,0,0,14,14,0,539,6,1,2,1,0,2,2,0,Fort
לון,0,5,0,9,0,0,0,14,14,0,540,1,2,7,0,0,0,4,0,ע׳׳וי
גער,14,0,0,0,0,0,0,14,14,0,541,5,3,2,1,0,1,2,0,ע׳׳ג
מלל,4,3,5,0,1,0,0,13,13,0,542,3,7,1,1,0,0,1,0,ע׳׳ע
זמם,13,0,0,0,0,0,0,13,13,0,543,11,1,0,0,0,0,1,0,Fort
רעם,4,0,0,9,0,0,0,13,13,0,544,2,8,2,0,0,1,0,0,ע׳׳ג
קבל,0,0,11,2,0,0,0,13,13,0,545,4,2,3,2,0,0,2,0,Fort
נצה,1,9,0,3,0,0,0,13,13,0,546,3,3,2,0,0,2,3,0,פ׳׳נ
דקק,4,0,0,8,0,1,0,13,13,0,547,6,4,2,0,1,0,0,0,ע׳׳ע
חבק,3,0,10,0,0,0,0,13,13,0,548,2,4,3,0,0,2,2,0,פ׳׳ג
חרץ,8,5,0,0,0,0,0,13,13,0,549,2,2,0,0,0,0,5,4,פ׳׳ג
צוק,2,0,0,11,0,0,0,13,13,0,550,5,5,0,0,0,0,3,0,ע׳׳וי
צחק,6,0,7,0,0,0,0,13,13,0,551,3,1,3,0,0,3,3,0,ע׳׳ג
סתם,10,1,2,0,0,0,0,13,13,0,552,2,2,2,2,0,2,0,3,Fort
צבא,11,0,0,2,0,0,0,13,13,0,553,2,0,1,0,0,3,7,0,ל׳׳א
גזר,7,6,0,0,0,0,0,13,13,0,554,7,1,2,2,0,0,1,0,Fort
רעב,11,0,0,2,0,0,0,13,13,0,555,3,8,2,0,0,0,0,0,ע׳׳ג
המם,13,0,0,0,0,0,0,13,13,0,556,4,1,6,0,0,2,0,0,פ׳׳ג
רגע,4,1,0,8,0,0,0,13,13,0,557,4,5,0,1,0,1,2,0,ל׳׳ג
אפה,10,3,0,0,0,0,0,13,13,0,558,5,5,2,1,0,0,0,0,פ׳׳א
ליץ,1,0,1,9,1,0,0,12,12,0,559,2,4,0,0,0,0,6,0,ע׳׳וי
שׁקד,12,0,0,0,0,0,0,12,12,0,560,3,2,1,1,0,1,4,0,Fort
נפח,9,0,0,2,0,0,1,12,12,0,561,6,0,1,1,0,1,1,2,פ׳׳נ
בצר,8,2,2,0,0,0,0,12,12,0,562,0,7,1,0,0,1,3,0,Fort
סעד,12,0,0,0,0,0,0,12,12,0,563,1,5,0,5,0,1,0,0,ע׳׳ג
בוס,7,0,2,0,2,1,0,12,12,0,564,2,6,0,0,0,0,3,1,ע׳׳וי
זעם,11,1,0,0,0,0,0,12,12,0,565,5,2,0,1,0,0,2,2,ע׳׳ג
שׁרק,12,0,0,0,0,0,0,12,12,0,566,5,7,0,0,0,0,0,0,Fort
חול,9,0,2,0,1,0,0,12,12,0,567,2,4,1,0,0,2,3,0,ע׳׳וי
רמה,4,0,8,0,0,0,0,12,12,0,568,9,0,0,0,0,1,2,0,ל׳׳ה
עות,1,0,9,0,1,0,1,12,12,0,569,4,4,0,0,0,3,0,1,ע׳׳וי
אנח,0,12,0,0,0,0,0,12,12,0,570,3,2,1,1,0,0,5,0,פ׳׳א
סלל,10,0,1,0,1,0,0,12,12,0,571,0,0,2,7,0,0,1,2,ע׳׳ע
חפה,6,1,5,0,0,0,0,12,12,0,572,6,0,3,0,0,0,1,2,ל׳׳ה
נער,5,3,3,0,1,0,0,12,12,0,573,4,3,1,1,0,0,2,1,פ׳׳נ
כנס,7,0,3,0,1,0,0,11,11,0,574,3,1,0,1,0,5,1,0,Fort
ארשׂ,0,0,6,0,0,0,5,11,11,0,575,7,1,0,0,0,0,0,3,פ׳׳א
נגח,4,0,6,0,1,0,0,11,11,0,576,0,10,0,0,0,0,1,0,פ׳׳נ
נחשׁ,0,1,10,0,0,0,0,11,11,0,577,3,4,1,0,2,0,1,0,פ׳׳נ
דקר,7,1,0,0,0,0,3,11,11,0,578,3,1,2,2,0,0,0,3,Fort
טוח,9,2,0,0,0,0,0,11,11,0,579,4,0,0,0,0,3,4,0,ע׳׳וי
להט,2,0,9,0,0,0,0,11,11,0,580,2,5,2,0,0,0,2,0,ע׳׳ג
נבע,1,0,0,10,0,0,0,11,11,0,581,0,10,0,0,0,0,1,0,פ׳׳נ
יקץ,11,0,0,0,0,0,0,11,11,0,582,0,2,9,0,0,0,0,0,פ׳׳וי
עדר,2,8,1,0,0,0,0,11,11,0,583,5,3,0,0,0,1,2,0,פ׳׳ג
שׁבח,0,0,8,1,2,0,0,11,11,0,584,1,4,0,2,1,2,1,0,ל׳׳ג
עמל,11,0,0,0,0,0,0,11,11,0,585,7,4,0,0,0,0,0,0,פ׳׳ג
ענן,0,0,11,0,0,0,0,11,11,0,586,2,1,0,0,0,1,7,0,פ׳׳ג
חנף,7,0,0,4,0,0,0,11,11,0,587,2,5,3,0,1,0,0,0,פ׳׳ג
הדף,11,0,0,0,0,0,0,11,11,0,588,3,5,0,0,0,3,0,0,פ׳׳ג
טעם,11,0,0,0,0,0,0,11,11,0,589,4,5,0,1,1,0,0,0,ע׳׳ג
חשׁק,8,0,1,0,0,0,2,11,11,0,590,9,0,0,0,0,0,0,2,פ׳׳ג
רקע,6,0,3,1,0,0,1,11,11,0,591,0,3,2,1,0,1,3,1,ל׳׳ג
דשׁן,1,0,5,0,0,0,4,11,10,1,592,4,6,0,0,0,1,0,0,Fort
סוך,8,0,2,1,0,0,0,11,11,0,593,3,4,3,0,1,0,0,0,ע׳׳וי
יקר,9,0,0,2,0,0,0,11,11,0,594,4,5,1,1,0,0,0,0,פ׳׳וי
זלל,6,3,0,2,0,0,0,11,11,0,595,4,1,0,0,0,0,6,0,ע׳׳ע
טבח,11,0,0,0,0,0,0,11,11,0,596,4,0,0,1,0,5,0,1,ל׳׳ג
חשׂף,10,0,0,0,0,0,0,10,10,0,597,4,0,1,1,1,2,0,1,פ׳׳ג
עדה,9,0,0,1,0,0,0,10,10,0,598,2,3,3,1,0,0,1,0,ל׳׳ה
שׁסה,10,0,0,0,0,0,0,10,10,0,599,1,1,0,0,0,0,7,1,ל׳׳ה
מקק,0,9,0,1,0,0,0,10,10,0,600,4,4,0,0,1,0,1,0,ע׳׳ע
פזר,1,1,7,0,0,0,1,10,10,0,601,5,1,1,0,0,0,1,2,Fort
טבע,6,0,0,0,0,3,1,10,10,0,602,7,1,2,0,0,0,0,0,ל׳׳ג
אוץ,8,0,0,2,0,0,0,10,10,0,603,3,1,1,0,0,0,5,0,פ׳׳א
עזז,8,0,0,2,0,0,0,10,10,0,604,2,4,2,1,0,1,0,0,ע׳׳ע
צמא,10,0,0,0,0,0,0,10,10,0,605,5,2,3,0,0,0,0,0,ל׳׳א
חטב,9,0,0,0,0,0,1,10,10,0,606,0,1,0,0,0,1,6,2,פ׳׳ג
כהה,6,0,4,0,0,0,0,10,10,0,607,5,2,2,0,1,0,0,0,ע׳׳ע
אדם,1,0,0,1,1,0,7,10,10,0,608,1,2,0,0,0,0,0,7,פ׳׳א
קוץ,8,0,0,2,0,0,0,10,10,0,609,2,3,4,0,0,0,1,0,ע׳׳וי
ענג,0,0,0,0,9,0,1,10,10,0,610,2,5,0,1,0,1,0,1,פ׳׳ג
זיד,2,0,0,8,0,0,0,10,10,0,611,5,3,2,0,0,0,0,0,ע׳׳וי
חדשׁ,0,0,9,0,1,0,0,10,10,0,612,1,4,1,2,0,2,0,0,פ׳׳ג
נהל,0,0,9,0,1,0,0,10,10,0,613,1,5,3,0,0,0,1,0,פ׳׳נ
נגר,0,4,0,5,0,1,0,10,10,0,614,3,1,2,1,0,0,2,1,פ׳׳נ
משׁשׁ,2,0,6,2,0,0,0,10,10,0,615,1,5,2,1,0,0,1,0,ע׳׳ע
פרק,4,0,3,0,3,0,0,10,10,0,616,2,1,2,2,0,0,3,0,Fort
גדר,10,0,0,0,0,0,0,10,10,0,617,5,0,1,0,0,0,4,0,Fort
געל,8,1,0,1,0,0,0,10,10,0,618,6,3,0,0,0,0,1,0,ע׳׳ג
נזר,0,4,0,6,0,0,0,10,10,0,619,2,4,1,0,0,3,0,0,פ׳׳נ
שׁתל,10,0,0,0,0,0,0,10,10,0,620,1,1,0,0,0,0,0,8,Fort
קלה,3,6,0,1,0,0,0,10,10,0,621,3,0,0,0,0,0,5,2,ל׳׳ה
עמק,1,0,0,8,0,0,0,9,9,0,622,5,0,0,2,1,0,1,0,פ׳׳ג
תלל,0,0,0,8,0,1,0,9,9,0,623,5,2,0,0,0,2,0,0,ע׳׳ע
עתק,4,0,0,5,0,0,0,9,9,0,624,4,2,2,0,0,0,1,0,פ׳׳ג
עדף,8,0,0,1,0,0,0,9,9,0,625,1,0,0,0,0,0,8,0,פ׳׳ג
שׁעע,1,0,3,1,3,0,1,9,9,0,626,2,4,0,3,0,0,0,0,ע׳׳ע
שׁנן,7,0,1,0,1,0,0,9,9,0,627,4,1,0,0,0,0,0,4,Fort
שׁמט,7,1,0,1,0,0,0,9,9,0,628,4,2,1,1,1,0,0,0,Fort
תמה,8,0,0,0,1,0,0,9,9,0,629,1,4,1,3,0,0,0,0,ל׳׳ה
נדף,4,5,0,0,0,0,0,9,9,0,630,1,3,0,0,0,1,4,0,פ׳׳נ
אלם,0,8,1,0,0,0,0,9,9,0,631,6,2,0,0,0,0,1,0,פ׳׳א
געשׁ,1,0,0,0,5,0,1,9,7,2,632,1,3,5,0,0,0,0,0,ע׳׳ג
עמס,7,0,0,2,0,0,0,9,9,0,633,2,1,1,0,0,0,3,2,פ׳׳ג
נתח,0,0,9,0,0,0,0,9,9,0,634,3,2,4,0,0,0,0,0,פ׳׳נ
יגה,0,2,1,6,0,0,0,9,9,0,635,4,1,1,0,0,0,3,0,פ׳׳וי
חרר,2,6,1,0,0,0,0,9,9,0,636,6,1,1,0,0,1,0,0,ע׳׳ע
דעך,7,1,0,0,0,0,1,9,9,0,637,3,6,0,0,0,0,0,0,ע׳׳ג
צוץ,1,0,0,8,0,0,0,9,9,0,638,1,5,2,0,0,0,1,0,ע׳׳וי
יעף,8,0,0,0,0,1,0,9,9,0,639,2,5,1,0,0,0,0,1,פ׳׳וי
עשׂר,2,0,5,2,0,0,0,9,9,0,640,0,4,0,0,2,2,1,0,פ׳׳ג
דלק,7,0,0,2,0,0,0,9,9,0,641,3,2,0,1,0,1,2,0,Fort
רקד,3,0,5,1,0,0,0,9,9,0,642,1,4,1,0,0,1,2,0,Fort
חפז,6,3,0,0,0,0,0,9,9,0,643,1,3,0,0,0,4,1,0,פ׳׳ג
נטר,9,0,0,0,0,0,0,9,9,0,644,1,4,0,0,0,0,4,0,פ׳׳נ
פטר,8,0,0,1,0,0,0,9,9,0,645,1,1,1,0,0,0,1,5,Fort
שׁסע,5,0,4,0,0,0,0,9,9,0,646,1,0,2,0,0,1,4,1,ל׳׳ג
צהל,7,0,1,1,0,0,0,9,9,0,647,2,2,0,4,0,1,0,0,ע׳׳ג
רקם,8,0,0,0,0,0,1,9,9,0,648,1,0,0,0,0,0,8,0,Fort
שׁלשׁ,0,0,4,0,0,0,5,9,9,0,649,2,0,1,1,0,0,0,5,Fort
פתר,9,0,0,0,0,0,0,9,9,0,650,4,0,1,0,0,1,3,0,Fort
זור,6,2,0,0,0,1,0,9,9,0,651,5,1,1,0,0,0,0,2,ע׳׳וי
פוק,1,0,0,8,0,0,0,9,9,0,652,1,5,2,0,0,0,1,0,ע׳׳וי
בקק,5,3,1,0,0,0,0,9,9,0,653,3,2,0,0,1,0,3,0,ע׳׳ע
מהה,0,0,0,0,9,0,0,9,9,0,654,3,1,1,1,0,2,1,0,ע׳׳ע
סבל,7,0,0,0,1,0,1,9,9,0,655,2,5,0,0,0,1,0,1,Fort
הסה,0,0,7,1,0,0,0,8,8,0,656,0,0,1,7,0,0,0,0,ל׳׳ה
שׁרשׁ,0,0,2,3,0,0,0,8,5,3,657,3,3,1,0,0,0,1,0,Fort
יקד,3,0,0,0,0,5,0,8,8,0,658,0,6,1,0,0,0,1,0,פ׳׳וי
שׁלה,6,1,0,1,0,0,0,8,8,0,659,3,5,0,0,0,0,0,0,ל׳׳ה
ענשׁ,5,3,0,0,0,0,0,8,8,0,660,3,1,1,0,1,2,0,0,פ׳׳ג
ערף,8,0,0,0,0,0,0,8,8,0,661,3,3,0,0,0,0,1,1,פ׳׳ג
זכה,4,0,3,0,1,0,0,8,8,0,662,2,5,0,1,0,0,0,0,ל׳׳ה
רכך,6,0,0,1,0,0,1,8,8,0,663,5,3,0,0,0,0,0,0,Fort
שׂבר,2,0,6,0,0,0,0,8,8,0,664,2,4,0,0,0,0,2,0,Fort
הלם,8,0,0,0,0,0,0,8,8,0,665,4,2,0,0,0,0,1,1,פ׳׳ג
כאב,4,0,0,4,0,0,0,8,8,0,666,1,4,0,0,0,0,3,0,ע׳׳ג
קשׁשׁ,1,0,6,0,1,0,0,8,8,0,667,1,0,0,2,0,1,4,0,ע׳׳ע
חתר,8,0,0,0,0,0,0,8,8,0,668,2,2,2,2,0,0,0,0,פ׳׳ג
חמס,7,1,0,0,0,0,0,8,8,0,669,3,3,1,0,0,0,1,0,פ׳׳ג
דלל,8,0,0,0,0,0,0,8,8,0,670,6,1,1,0,0,0,0,0,ע׳׳ע
גנן,8,0,0,0,0,0,0,8,8,0,671,4,3,0,0,1,0,0,0,Fort
קין,0,0,8,0,0,0,0,8,8,0,672,2,2,3,0,0,0,1,0,ע׳׳וי
נוא,0,0,0,8,0,0,0,8,8,0,673,4,3,1,0,0,0,0,0,פ׳׳נ
שׁלט,5,0,0,3,0,0,0,8,8,0,674,3,4,0,0,0,1,0,0,Fort
נעל,7,0,0,1,0,0,0,8,8,0,675,2,0,2,1,0,0,0,3,פ׳׳נ
תאר,5,0,2,0,0,0,1,8,8,0,676,5,2,0,0,0,0,0,1,ע׳׳ג
נתר,1,0,1,6,0,0,0,8,8,0,677,0,2,3,0,1,1,1,0,פ׳׳נ
טלא,7,0,0,0,0,0,1,8,8,0,678,0,0,0,0,0,0,0,8,ל׳׳א
שׂער,5,1,1,0,1,0,0,8,8,0,679,3,4,0,1,0,0,0,0,ע׳׳ג
יקשׁ,4,4,0,0,0,0,0,8,8,0,680,5,1,0,0,0,0,1,1,פ׳׳וי
נחת,3,1,3,1,0,0,0,8,8,0,681,3,2,1,2,0,0,0,0,פ׳׳נ
יפע,0,0,0,8,0,0,0,8,8,0,682,4,1,1,2,0,0,0,0,פ׳׳וי
לבן,3,0,0,4,1,0,0,8,8,0,683,1,4,0,0,0,3,0,0,Fort
אטם,8,0,0,0,0,0,0,8,8,0,684,0,1,0,0,0,0,3,4,פ׳׳א
צעד,7,0,0,1,0,0,0,8,8,0,685,2,4,0,0,0,2,0,0,ע׳׳ג
רקח,6,0,0,1,0,0,1,8,8,0,686,0,1,0,1,0,0,5,1,ל׳׳ג
יפה,5,0,2,0,1,0,0,8,8,0,687,4,2,2,0,0,0,0,0,פ׳׳וי
פצח,7,0,1,0,0,0,0,8,8,0,688,2,1,0,5,0,0,0,0,ל׳׳ג
עלץ,8,0,0,0,0,0,0,8,8,0,689,1,6,0,0,0,1,0,0,פ׳׳ג
קיא,1,0,0,7,0,0,0,8,8,0,690,2,3,3,0,0,0,0,0,ע׳׳וי
נעם,8,0,0,0,0,0,0,8,8,0,691,5,3,0,0,0,0,0,0,פ׳׳נ
גדד,1,0,0,0,7,0,0,8,8,0,692,0,6,1,0,0,0,1,0,ע׳׳ע
שׁגע,0,0,0,0,2,0,5,7,7,0,693,0,0,0,0,0,1,1,5,ל׳׳ג
סער,3,1,1,0,0,0,1,7,6,1,694,1,3,1,0,0,0,2,0,ע׳׳ג
עול,5,0,2,0,0,0,0,7,7,0,695,0,1,0,0,0,0,6,0,ע׳׳וי
מעד,5,0,0,1,0,0,0,7,6,1,696,2,2,0,1,0,0,1,1,ע׳׳ג
עטר,2,0,4,1,0,0,0,7,7,0,697,2,2,0,0,0,0,3,0,פ׳׳ג
קפץ,5,1,1,0,0,0,0,7,7,0,698,3,3,0,0,0,0,1,0,Fort
לקק,5,0,2,0,0,0,0,7,7,0,699,1,3,1,0,0,0,2,0,ע׳׳ע
קלע,5,0,2,0,0,0,0,7,7,0,700,3,1,1,0,0,0,2,0,ל׳׳ג
רגן,1,6,0,0,0,0,0,7,7,0,701,0,0,2,0,0,0,5,0,Fort
אלה,5,0,0,2,0,0,0,7,7,0,702,1,0,1,1,2,2,0,0,פ׳׳א
רדם,0,7,0,0,0,0,0,7,7,0,703,1,0,1,0,0,0,5,0,Fort
דאג,7,0,0,0,0,0,0,7,7,0,704,3,2,0,0,0,0,2,0,ע׳׳ג
פצר,6,0,0,1,0,0,0,7,7,0,705,0,0,6,0,1,0,0,0,Fort
סכל,0,4,1,2,0,0,0,7,7,0,706,6,0,0,1,0,0,0,0,Fort
אפק,0,0,0,0,7,0,0,7,7,0,707,1,2,3,0,0,1,0,0,פ׳׳א
מצה,4,3,0,0,0,0,0,7,7,0,708,3,3,1,0,0,0,0,0,ל׳׳ה
זקק,2,0,1,0,0,0,4,7,7,0,709,1,2,0,0,0,0,0,4,ע׳׳ע
טחן,7,0,0,0,0,0,0,7,7,0,710,1,2,1,1,1,0,1,0,ע׳׳ג
שׁקץ,0,0,7,0,0,0,0,7,7,0,711,1,5,0,0,1,0,0,0,Fort
צבר,7,0,0,0,0,0,0,7,7,0,712,0,3,4,0,0,0,0,0,Fort
בקר,0,0,7,0,0,0,0,7,7,0,713,1,3,0,0,0,3,0,0,Fort
עקר,1,1,5,0,0,0,0,7,7,0,714,2,2,2,0,0,1,0,0,פ׳׳ג
קוט,1,4,0,0,2,0,0,7,7,0,715,4,2,1,0,0,0,0,0,ע׳׳וי
סלף,0,0,7,0,0,0,0,7,7,0,716,0,5,1,0,0,0,1,0,Fort
דחה,5,1,0,0,0,0,1,7,7,0,717,2,1,0,0,1,1,1,1,ל׳׳ה
נשׁל,6,0,1,0,0,0,0,7,7,0,718,3,1,1,2,0,0,0,0,פ׳׳נ
עגב,7,0,0,0,0,0,0,7,7,0,719,3,0,3,0,0,0,1,0,פ׳׳ג
גאה,7,0,0,0,0,0,0,7,7,0,720,3,2,0,0,2,0,0,0,ל׳׳ה
חמץ,4,0,0,2,1,0,0,7,7,0,721,1,2,0,0,0,1,3,0,פ׳׳ג
ערם,5,1,0,1,0,0,0,7,7,0,722,1,4,0,0,1,1,0,0,פ׳׳ג
פסח,5,1,1,0,0,0,0,7,7,0,723,3,0,2,0,1,0,1,0,ל׳׳ג
צלל,5,0,0,2,0,0,0,7,7,0,724,3,3,0,0,0,0,1,0,ע׳׳ע
שׁאה,1,3,0,2,1,0,0,7,7,0,725,1,3,0,0,0,2,1,0,ל׳׳ה
ספק,7,0,0,0,0,0,0,7,7,0,726,4,1,1,1,0,0,0,0,Fort
גדף,0,0,7,0,0,0,0,7,7,0,727,5,0,0,0,0,0,2,0,Fort
עשׁן,6,0,0,0,0,0,0,6,6,0,728,2,4,0,0,0,0,0,0,פ׳׳ג
שׁתן,0,0,0,6,0,0,0,6,6,0,729,0,0,0,0,0,0,6,0,Fort
שׂטם,6,0,0,0,0,0,0,6,6,0,730,0,3,3,0,0,0,0,0,Fort
נגה,3,0,0,3,0,0,0,6,6,0,731,2,4,0,0,0,0,0,0,פ׳׳נ
מתק,4,0,0,2,0,0,0,6,6,0,732,2,3,1,0,0,0,0,0,Fort
הוה,6,0,0,0,0,0,0,6,6,0,733,0,1,0,3,0,0,2,0,ע׳׳וי
רזן,6,0,0,0,0,0,0,6,6,0,734,0,0,0,0,0,0,6,0,Fort
רמם,2,4,0,0,0,0,0,6,6,0,735,1,1,3,1,0,0,0,0,Fort
כשׁף,0,0,6,0,0,0,0,6,6,0,736,1,0,0,0,0,0,5,0,Fort
חמר,3,0,3,0,0,0,0,6,6,0,737,4,1,1,0,0,0,0,0,פ׳׳ג
יאשׁ,0,5,1,0,0,0,0,6,6,0,738,1,0,0,0,0,1,4,0,פ׳׳וי
דלה,5,0,1,0,0,0,0,6,6,0,739,3,1,1,0,1,0,0,0,ל׳׳ה
הדר,4,1,0,0,1,0,0,6,6,0,740,2,3,0,0,0,0,0,1,פ׳׳ג
פסל,6,0,0,0,0,0,0,6,6,0,741,1,0,3,2,0,0,0,0,Fort
אנה,2,0,1,0,1,0,2,6,6,0,742,3,2,0,0,0,0,1,0,פ׳׳א
שׁקר,1,0,5,0,0,0,0,6,6,0,743,1,5,0,0,0,0,0,0,Fort
קבע,6,0,0,0,0,0,0,6,6,0,744,2,1,0,0,0,0,3,0,ל׳׳ג
עוז,2,0,0,4,0,0,0,6,6,0,745,1,1,0,3,1,0,0,0,ע׳׳וי
פלס,0,0,6,0,0,0,0,6,6,0,746,0,4,0,1,0,0,1,0,Fort
לוז,1,4,0,1,0,0,0,6,6,0,747,0,2,0,0,0,0,4,0,ע׳׳וי
חצר,0,0,1,5,0,0,0,6,6,0,748,0,0,0,0,0,0,6,0,פ׳׳ג
כתר,0,0,3,3,0,0,0,6,6,0,749,2,2,0,1,0,0,1,0,Fort
שׂטן,6,0,0,0,0,0,0,6,6,0,750,0,2,0,0,0,1,3,0,Fort
לחך,1,0,5,0,0,0,0,6,6,0,751,1,4,0,0,0,1,0,0,ע׳׳ג
נקר,2,0,3,0,0,0,1,6,6,0,752,2,2,1,0,0,1,0,0,פ׳׳נ
שׂרר,4,0,0,0,2,0,0,6,6,0,753,0,3,1,0,1,0,1,0,ע׳׳ע
נהר,6,0,0,0,0,0,0,6,6,0,754,5,1,0,0,0,0,0,0,פ׳׳נ
יקע,2,0,0,3,0,1,0,6,6,0,755,1,1,2,1,0,0,0,1,פ׳׳וי
שׁטח,5,0,1,0,0,0,0,6,6,0,756,2,0,2,0,1,0,1,0,ל׳׳ג
שׁקע,3,1,0,2,0,0,0,6,6,0,757,2,3,1,0,0,0,0,0,ל׳׳ג
רטשׁ,0,0,2,0,0,0,4,6,6,0,758,1,5,0,0,0,0,0,0,Fort
שׂטה,6,0,0,0,0,0,0,6,6,0,759,2,3,0,1,0,0,0,0,ל׳׳ה
כסף,2,4,0,0,0,0,0,6,6,0,760,3,2,0,0,1,0,0,0,Fort
נום,6,0,0,0,0,0,0,6,6,0,761,2,3,0,0,0,1,0,0,פ׳׳נ
יחם,2,0,4,0,0,0,0,6,6,0,762,1,0,2,0,0,3,0,0,פ׳׳וי
הום,1,3,0,2,0,0,0,6,6,0,763,1,2,3,0,0,0,0,0,ע׳׳וי
ספן,6,0,0,0,0,0,0,6,6,0,764,0,0,1,0,0,0,0,5,Fort
ארח,6,0,0,0,0,0,0,6,6,0,765,1,0,0,0,0,1,4,0,פ׳׳א
ברה,4,0,0,2,0,0,0,6,6,0,766,1,3,0,1,0,1,0,0,ל׳׳ה
עבט,2,0,1,3,0,0,0,6,6,0,767,1,3,0,0,1,1,0,0,פ׳׳ג
חרק,5,0,0,0,0,0,0,5,5,0,768,1,1,1,0,1,0,1,0,פ׳׳ג
חמשׁ,4,0,1,0,0,0,0,5,5,0,769,1,0,0,0,0,0,0,4,פ׳׳ג
שׁיח,1,0,0,0,4,0,0,5,5,0,770,1,4,0,0,0,0,0,0,ע׳׳וי
נשׁה,1,1,1,2,0,0,0,5,5,0,771,3,2,0,0,0,0,0,0,פ׳׳נ
אפס,5,0,0,0,0,0,0,5,5,0,772,5,0,0,0,0,0,0,0,פ׳׳א
גמר,5,0,0,0,0,0,0,5,5,0,773,2,2,0,0,0,0,1,0,Fort
רדד,3,0,0,2,0,0,0,5,5,0,774,0,1,1,0,0,2,1,0,ע׳׳ע
אצל,4,1,0,0,0,0,0,5,5,0,775,4,0,1,0,0,0,0,0,פ׳׳א
סחב,5,0,0,0,0,0,0,5,5,0,776,1,2,0,0,1,1,0,0,ע׳׳ג
לוט,4,0,0,1,0,0,0,5,5,0,777,1,0,1,0,0,0,2,1,ע׳׳וי
ספח,1,1,1,0,1,0,1,5,5,0,778,1,1,0,1,0,1,1,0,ל׳׳ג
עקב,4,0,1,0,0,0,0,5,5,0,779,1,2,1,0,1,0,0,0,פ׳׳ג
דכה,1,2,2,0,0,0,0,5,5,0,780,3,1,0,0,0,0,1,0,ל׳׳ה
שׁסס,3,2,0,0,0,0,0,5,5,0,781,2,1,2,0,0,0,0,0,ע׳׳ע
לבב,0,1,4,0,0,0,0,5,5,0,782,2,2,1,0,0,0,0,0,ע׳׳ע
פלה,0,1,0,4,0,0,0,5,5,0,783,4,1,0,0,0,0,0,0,ל׳׳ה
תנה,2,0,2,1,0,0,0,5,5,0,784,1,2,0,1,0,1,0,0,ל׳׳ה
עלף,0,0,0,0,3,0,2,5,5,0,785,1,1,2,0,0,0,0,1,פ׳׳ג
שׁאן,0,0,5,0,0,0,0,5,5,0,786,5,0,0,0,0,0,0,0,ע׳׳ג
פעם,1,3,0,0,1,0,0,5,5,0,787,1,0,3,0,0,1,0,0,ע׳׳ג
נקע,5,0,0,0,0,0,0,5,5,0,788,3,0,2,0,0,0,0,0,פ׳׳נ
עיף,5,0,0,0,0,0,0,5,5,0,789,1,0,4,0,0,0,0,0,ע׳׳וי
קרץ,4,0,0,0,0,0,1,5,5,0,790,1,1,0,0,0,0,3,0,Fort
גיח,3,0,0,2,0,0,0,5,5,0,791,0,1,1,1,0,1,1,0,ע׳׳וי
זעף,5,0,0,0,0,0,0,5,5,0,792,0,1,1,0,0,1,2,0,ע׳׳ג
צמד,0,3,0,1,0,0,1,5,5,0,793,0,1,2,0,0,0,1,1,Fort
אפף,5,0,0,0,0,0,0,5,5,0,794,5,0,0,0,0,0,0,0,פ׳׳א
מלח,1,1,0,0,0,2,1,5,5,0,795,2,1,0,0,1,0,0,1,ל׳׳ג
חבט,4,1,0,0,0,0,0,5,5,0,796,0,3,1,0,0,0,1,0,פ׳׳ג
קטף,4,1,0,0,0,0,0,5,5,0,797,2,2,0,0,0,0,1,0,Fort
סבא,5,0,0,0,0,0,0,5,5,0,798,0,1,0,0,0,0,3,1,ל׳׳א
שׁפת,5,0,0,0,0,0,0,5,5,0,799,0,2,0,3,0,0,0,0,Fort
חנך,5,0,0,0,0,0,0,5,5,0,800,1,1,2,1,0,0,0,0,פ׳׳ג
בעה,3,2,0,0,0,0,0,5,5,0,801,1,2,0,1,0,0,1,0,ל׳׳ה
פלח,1,0,4,0,0,0,0,5,5,0,802,0,3,1,0,0,0,1,0,ל׳׳ג
קצה,1,0,2,2,0,0,0,5,5,0,803,1,0,0,0,0,3,1,0,ל׳׳ה
שׂמאל,0,0,0,5,0,0,0,5,5,0,804,0,2,0,1,0,1,1,0,ל׳׳א
נקשׁ,1,1,2,0,1,0,0,5,5,0,805,0,2,1,0,0,0,2,0,פ׳׳נ
קרח,2,1,0,1,0,1,0,5,5,0,806,1,2,0,1,0,0,0,1,ל׳׳ג
יגר,5,0,0,0,0,0,0,5,5,0,807,5,0,0,0,0,0,0,0,פ׳׳וי
נהם,5,0,0,0,0,0,0,5,5,0,808,2,2,0,0,0,0,1,0,פ׳׳נ
ימן,0,0,0,5,0,0,0,5,5,0,809,0,2,0,1,0,1,1,0,פ׳׳וי
פרשׁ,1,1,0,1,0,0,2,5,5,0,810,1,1,0,0,0,1,1,1,Fort
מוך,5,0,0,0,0,0,0,5,5,0,811,2,3,0,0,0,0,0,0,ע׳׳וי
רכשׁ,5,0,0,0,0,0,0,5,5,0,812,5,0,0,0,0,0,0,0,Fort
מסך,5,0,0,0,0,0,0,5,5,0,813,4,0,0,0,0,1,0,0,Fort
שׁכך,4,0,0,1,0,0,0,5,5,0,814,2,0,1,0,0,2,0,0,Fort
הבל,4,0,0,1,0,0,0,5,5,0,815,0,2,2,0,0,0,1,0,פ׳׳ג
אצר,3,1,0,1,0,0,0,5,5,0,816,2,1,1,0,0,0,1,0,פ׳׳א
לושׁ,5,0,0,0,0,0,0,5,5,0,817,0,0,2,1,0,1,1,0,ע׳׳וי
כפף,4,1,0,0,0,0,0,5,5,0,818,1,1,0,0,0,1,0,2,Fort
לטשׁ,4,0,0,0,0,0,1,5,5,0,819,0,2,0,0,0,1,1,1,Fort
צעה,4,0,1,0,0,0,0,5,5,0,820,1,0,0,0,0,0,4,0,ל׳׳ה
קנן,0,0,4,0,0,0,1,5,5,0,821,2,2,0,0,0,0,0,1,Fort
כפל,4,1,0,0,0,0,0,5,5,0,822,1,1,0,0,0,0,0,3,Fort
סלה,1,0,1,0,0,0,3,5,5,0,823,2,2,0,0,0,0,0,1,ל׳׳ה
שׁמן,3,0,0,2,0,0,0,5,5,0,824,2,0,2,1,0,0,0,0,Fort
גבל,3,0,0,2,0,0,0,5,5,0,825,2,2,0,1,0,0,0,0,Fort
קדח,5,0,0,0,0,0,0,5,5,0,826,3,0,0,0,0,1,1,0,ל׳׳ג
דלג,1,0,4,0,0,0,0,5,5,0,827,0,3,0,0,0,0,2,0,Fort
עקשׁ,0,1,3,1,0,0,0,5,5,0,828,1,1,1,0,0,0,2,0,פ׳׳ג
אלף,1,0,3,1,0,0,0,5,5,0,829,0,3,0,0,0,0,2,0,פ׳׳א
רעף,4,0,0,1,0,0,0,5,5,0,830,0,4,0,1,0,0,0,0,ע׳׳ג
דוח,0,0,0,4,0,0,0,4,4,0,831,1,3,0,0,0,0,0,0,ע׳׳וי
שׁתק,4,0,0,0,0,0,0,4,4,0,832,0,4,0,0,0,0,0,0,Fort
פער,4,0,0,0,0,0,0,4,4,0,833,4,0,0,0,0,0,0,0,ע׳׳ג
צפף,0,0,4,0,0,0,0,4,4,0,834,0,2,0,0,0,0,2,0,Fort
רהב,2,0,0,2,0,0,0,4,4,0,835,1,2,0,1,0,0,0,0,ע׳׳ג
דגל,2,2,0,0,0,0,0,4,4,0,836,0,1,0,0,0,0,2,1,Fort
נטל,3,0,1,0,0,0,0,4,4,0,837,1,1,1,0,0,0,1,0,פ׳׳נ
בלג,0,0,0,4,0,0,0,4,4,0,838,0,3,0,0,0,0,1,0,Fort
סוף,4,0,0,0,0,0,0,4,4,0,839,2,2,0,0,0,0,0,0,ע׳׳וי
נוב,3,0,1,0,0,0,0,4,4,0,840,0,4,0,0,0,0,0,0,פ׳׳נ
שׁקק,3,0,0,0,1,0,0,4,4,0,841,0,2,0,0,0,0,2,0,ע׳׳ע
מרץ,0,3,0,1,0,0,0,4,4,0,842,1,1,0,0,0,0,2,0,Fort
קהה,3,0,1,0,0,0,0,4,4,0,843,1,3,0,0,0,0,0,0,ע׳׳ע
חבה,1,3,0,0,0,0,0,4,4,0,844,1,0,0,1,0,2,0,0,ל׳׳ה
קלס,0,0,1,0,3,0,0,4,4,0,845,0,2,1,0,0,1,0,0,Fort
חדד,1,0,0,0,0,3,0,4,4,0,846,4,0,0,0,0,0,0,0,ע׳׳ע
נצץ,1,0,0,3,0,0,0,4,4,0,847,2,1,0,0,0,0,1,0,פ׳׳נ
אנק,2,2,0,0,0,0,0,4,4,0,848,0,1,0,1,0,1,1,0,פ׳׳א
פלשׁ,0,0,0,0,4,0,0,4,4,0,849,0,1,0,3,0,0,0,0,Fort
פושׁ,3,1,0,0,0,0,0,4,4,0,850,3,1,0,0,0,0,0,0,ע׳׳וי
כנה,0,0,4,0,0,0,0,4,4,0,851,0,4,0,0,0,0,0,0,ל׳׳ה
חקה,0,0,0,0,1,0,3,4,4,0,852,0,1,0,0,0,0,0,3,ל׳׳ה
זכך,3,0,0,1,0,0,0,4,4,0,853,4,0,0,0,0,0,0,0,Fort
ערר,1,0,2,0,1,0,0,4,4,0,854,0,1,0,2,1,0,0,0,ע׳׳ע
שׂגה,3,0,0,1,0,0,0,4,4,0,855,1,3,0,0,0,0,0,0,ל׳׳ה
סגד,4,0,0,0,0,0,0,4,4,0,856,0,3,1,0,0,0,0,0,Fort
שׂור,3,0,0,1,0,0,0,4,4,0,857,1,0,2,0,0,1,0,0,ע׳׳וי
יצע,0,0,0,2,0,2,0,4,4,0,858,0,4,0,0,0,0,0,0,פ׳׳וי
חתה,4,0,0,0,0,0,0,4,4,0,859,0,2,0,0,0,1,1,0,ל׳׳ה
צלע,4,0,0,0,0,0,0,4,4,0,860,0,0,0,0,0,0,4,0,ל׳׳ג
שׁחק,4,0,0,0,0,0,0,4,4,0,861,2,2,0,0,0,0,0,0,ע׳׳ג
מסה,0,0,0,4,0,0,0,4,4,0,862,1,2,1,0,0,0,0,0,ל׳׳ה
גרר,2,1,0,0,0,0,1,4,4,0,863,0,3,0,0,0,0,0,1,ע׳׳ע
אות,0,4,0,0,0,0,0,4,4,0,864,0,3,1,0,0,0,0,0,פ׳׳א
חנט,4,0,0,0,0,0,0,4,4,0,865,1,0,2,0,0,1,0,0,פ׳׳ג
שׁוף,4,0,0,0,0,0,0,4,4,0,866,0,4,0,0,0,0,0,0,ע׳׳וי
מאר,0,0,0,4,0,0,0,4,4,0,867,0,0,0,0,0,0,4,0,ע׳׳ג
אהל,2,0,1,1,0,0,0,4,4,0,868,0,2,2,0,0,0,0,0,פ׳׳א
קצע,0,0,0,1,0,1,2,4,4,0,869,0,1,0,0,0,0,0,3,ל׳׳ג
כמר,0,4,0,0,0,0,0,4,4,0,870,4,0,0,0,0,0,0,0,Fort
קטן,3,0,0,1,0,0,0,4,4,0,871,1,0,2,0,0,1,0,0,Fort
אזל,4,0,0,0,0,0,0,4,4,0,872,3,0,0,0,0,0,1,0,פ׳׳א
נכל,1,0,1,0,2,0,0,4,4,0,873,1,0,1,0,0,1,1,0,פ׳׳נ
נסח,3,1,0,0,0,0,0,4,4,0,874,1,3,0,0,0,0,0,0,פ׳׳נ
פלג,0,2,2,0,0,0,0,4,4,0,875,3,0,0,1,0,0,0,0,Fort
דאה,4,0,0,0,0,0,0,4,4,0,876,0,3,1,0,0,0,0,0,ל׳׳ה
בכר,0,0,2,1,0,0,1,4,4,0,877,0,2,0,0,0,1,1,0,Fort
פתל,0,3,0,0,1,0,0,4,4,0,878,1,1,0,0,0,0,2,0,Fort
סכר,1,2,1,0,0,0,0,4,4,0,879,1,1,1,0,0,0,1,0,Fort
תפר,3,0,1,0,0,0,0,4,4,0,880,1,0,1,0,0,1,1,0,Fort
נבב,4,0,0,0,0,0,0,4,4,0,881,0,0,0,0,0,0,0,4,פ׳׳נ
פוג,3,1,0,0,0,0,0,4,4,0,882,1,2,1,0,0,0,0,0,ע׳׳וי
ישׁם,4,0,0,0,0,0,0,4,4,0,883,0,3,1,0,0,0,0,0,פ׳׳וי
קרן,3,0,0,1,0,0,0,4,4,0,884,3,0,0,0,0,0,1,0,Fort
דחף,2,2,0,0,0,0,0,4,4,0,885,2,0,0,0,0,0,0,2,ע׳׳ג
חוד,4,0,0,0,0,0,0,4,4,0,886,1,1,0,2,0,0,0,0,ע׳׳וי
שׁגג,4,0,0,0,0,0,0,4,4,0,887,1,0,0,0,0,0,3,0,ע׳׳ע
בטא,1,0,3,0,0,0,0,4,4,0,888,0,1,1,0,0,1,1,0,ל׳׳א
נשׁת,2,1,0,0,0,0,0,3,3,0,889,3,0,0,0,0,0,0,0,פ׳׳נ
ערג,3,0,0,0,0,0,0,3,3,0,890,0,3,0,0,0,0,0,0,פ׳׳ג
מעך,2,0,0,0,0,0,1,3,3,0,891,1,0,0,0,0,0,0,2,ע׳׳ג
נפשׁ,0,3,0,0,0,0,0,3,3,0,892,0,1,2,0,0,0,0,0,פ׳׳נ
שׂדד,0,0,3,0,0,0,0,3,3,0,893,0,3,0,0,0,0,0,0,ע׳׳ע
תקף,3,0,0,0,0,0,0,3,3,0,894,0,3,0,0,0,0,0,0,Fort
צדה,2,1,0,0,0,0,0,3,3,0,895,2,0,0,0,0,0,1,0,ל׳׳ה
שׁדף,3,0,0,0,0,0,0,3,3,0,896,0,0,0,0,0,0,0,3,Fort
פור,0,0,0,3,0,0,0,3,3,0,897,2,1,0,0,0,0,0,0,ע׳׳וי
ירק,3,0,0,0,0,0,0,3,3,0,898,2,0,0,0,1,0,0,0,פ׳׳וי
שׂרע,2,0,0,0,1,0,0,3,3,0,899,0,0,0,0,0,1,0,2,ל׳׳ג
שׁוק,0,0,1,2,0,0,0,3,3,0,900,2,0,1,0,0,0,0,0,ע׳׳וי
חדה,2,0,1,0,0,0,0,3,3,0,901,0,2,1,0,0,0,0,0,ל׳׳ה
נאה,0,0,3,0,0,0,0,3,3,0,902,3,0,0,0,0,0,0,0,פ׳׳נ
גרם,1,0,2,0,0,0,0,3,3,0,903,1,2,0,0,0,0,0,0,Fort
מחא,3,0,0,0,0,0,0,3,3,0,904,0,2,0,0,0,1,0,0,ל׳׳א
חלשׁ,3,0,0,0,0,0,0,3,3,0,905,0,0,2,0,0,0,1,0,פ׳׳ג
ישׁט,0,0,0,3,0,0,0,3,3,0,906,0,1,2,0,0,0,0,0,פ׳׳וי
רתח,0,0,1,1,0,0,1,3,3,0,907,1,1,0,1,0,0,0,0,ל׳׳ג
באר,0,0,3,0,0,0,0,3,3,0,908,1,0,0,1,1,0,0,0,ע׳׳ג
צוף,1,0,0,2,0,0,0,3,3,0,909,2,0,1,0,0,0,0,0,ע׳׳וי
לבט,0,3,0,0,0,0,0,3,3,0,910,0,3,0,0,0,0,0,0,Fort
סרח,2,1,0,0,0,0,0,3,3,0,911,1,1,0,0,0,0,1,0,ל׳׳ג
שׂרט,2,1,0,0,0,0,0,3,3,0,912,0,2,0,0,1,0,0,0,Fort
מגן,0,0,3,0,0,0,0,3,3,0,913,1,2,0,0,0,0,0,0,Fort
פרם,3,0,0,0,0,0,0,3,3,0,914,0,2,0,0,0,0,0,1,Fort
דלח,3,0,0,0,0,0,0,3,3,0,915,0,2,1,0,0,0,0,0,ל׳׳ג
מרק,2,0,0,0,0,0,1,3,3,0,916,1,0,0,1,0,0,0,1,Fort
רפס,1,0,0,0,2,0,0,3,3,0,917,0,0,1,1,0,0,1,0,Fort
רבך,0,0,0,0,0,3,0,3,3,0,918,0,0,0,0,0,0,0,3,Fort
שׁזף,3,0,0,0,0,0,0,3,3,0,919,3,0,0,0,0,0,0,0,Fort
קרר,0,0,1,2,0,0,0,3,3,0,920,1,0,0,0,0,1,1,0,ע׳׳ע
בדד,3,0,0,0,0,0,0,3,3,0,921,0,0,0,0,0,0,3,0,ע׳׳ע
עלס,1,1,0,0,1,0,0,3,3,0,922,1,2,0,0,0,0,0,0,פ׳׳ג
שׁגח,0,0,0,3,0,0,0,3,3,0,923,1,1,0,0,0,0,1,0,ל׳׳ג
רפד,1,0,2,0,0,0,0,3,3,0,924,1,1,0,1,0,0,0,0,Fort
קפא,2,0,0,1,0,0,0,3,3,0,925,1,1,0,0,0,0,1,0,ל׳׳א
קטל,3,0,0,0,0,0,0,3,3,0,926,0,3,0,0,0,0,0,0,Fort
צנף,3,0,0,0,0,0,0,3,3,0,927,0,2,0,0,1,0,0,0,Fort
נסס,1,0,0,0,2,0,0,3,3,0,928,0,0,0,0,0,1,2,0,פ׳׳נ
שׂחה,2,0,0,1,0,0,0,3,3,0,929,0,1,0,0,0,1,1,0,ל׳׳ה
נשׁב,1,0,0,2,0,0,0,3,3,0,930,1,1,1,0,0,0,0,0,פ׳׳נ
עמם,2,0,0,0,0,1,0,3,3,0,931,2,1,0,0,0,0,0,0,פ׳׳ג
כלל,3,0,0,0,0,0,0,3,3,0,932,3,0,0,0,0,0,0,0,ע׳׳ע
נשׂק,0,1,0,2,0,0,0,3,3,0,933,2,1,0,0,0,0,0,0,פ׳׳נ
קמץ,3,0,0,0,0,0,0,3,3,0,934,3,0,0,0,0,0,0,0,Fort
טפל,3,0,0,0,0,0,0,3,3,0,935,1,0,1,0,0,0,1,0,Fort
נהה,2,1,0,0,0,0,0,3,3,0,936,1,0,1,1,0,0,0,0,פ׳׳נ
ענק,1,0,0,2,0,0,0,3,3,0,937,1,1,0,0,1,0,0,0,פ׳׳ג
חצץ,1,0,1,0,0,0,1,3,3,0,938,1,0,0,0,0,0,2,0,פ׳׳ג
מכך,1,1,0,0,0,1,0,3,3,0,939,1,1,1,0,0,0,0,0,Fort
רעד,1,0,0,2,0,0,0,3,3,0,940,0,0,1,0,0,0,2,0,ע׳׳ג
חסד,0,0,1,0,2,0,0,3,3,0,941,0,3,0,0,0,0,0,0,פ׳׳ג
אלח,0,3,0,0,0,0,0,3,3,0,942,2,0,0,0,0,0,1,0,פ׳׳א
בוך,0,3,0,0,0,0,0,3,3,0,943,2,0,0,0,0,0,1,0,ע׳׳וי
עמר,0,0,1,0,2,0,0,3,3,0,944,1,1,0,0,0,0,1,0,פ׳׳ג
רחף,1,0,2,0,0,0,0,3,3,0,945,1,1,0,0,0,0,1,0,ע׳׳ג
כאה,0,2,0,1,0,0,0,3,3,0,946,1,0,0,0,0,1,1,0,ל׳׳ה
לחשׁ,0,0,1,0,2,0,0,3,3,0,947,0,1,0,0,0,0,2,0,ע׳׳ג
יחד,2,0,1,0,0,0,0,3,3,0,948,0,2,0,1,0,0,0,0,פ׳׳וי
גוד,3,0,0,0,0,0,0,3,3,0,949,0,3,0,0,0,0,0,0,ע׳׳וי
צנח,3,0,0,0,0,0,0,3,3,0,950,0,0,3,0,0,0,0,0,ל׳׳ג
זמן,0,0,0,0,0,0,3,3,3,0,951,0,0,0,0,0,0,0,3,Fort
עשׁשׁ,3,0,0,0,0,0,0,3,3,0,952,3,0,0,0,0,0,0,0,ע׳׳ע
לעע,3,0,0,0,0,0,0,3,3,0,953,2,1,0,0,0,0,0,0,ע׳׳ע
פצץ,0,0,2,0,1,0,0,3,3,0,954,0,1,2,0,0,0,0,0,Fort
תוה,0,0,1,2,0,0,0,3,3,0,955,2,0,1,0,0,0,0,0,ע׳׳וי
זוע,2,0,1,0,0,0,0,3,3,0,956,1,1,0,0,0,0,1,0,ע׳׳וי
פזז,1,0,1,0,0,1,0,3,3,0,957,0,0,1,0,0,0,1,1,ע׳׳ע
צער,3,0,0,0,0,0,0,3,3,0,958,0,2,0,0,0,0,1,0,ע׳׳ג
לפת,1,2,0,0,0,0,0,3,3,0,959,0,1,2,0,0,0,0,0,Fort
דאב,3,0,0,0,0,0,0,3,3,0,960,2,0,0,0,0,1,0,0,ע׳׳ג
גלע,0,0,0,0,3,0,0,3,3,0,961,0,2,0,0,0,1,0,0,ל׳׳ג
חטף,3,0,0,0,0,0,0,3,3,0,962,1,1,0,0,0,1,0,0,פ׳׳ג
משׁה,1,0,0,2,0,0,0,3,3,0,963,1,2,0,0,0,0,0,0,ל׳׳ה
צלה,3,0,0,0,0,0,0,3,3,0,964,0,2,0,0,0,1,0,0,ל׳׳ה
עיט,3,0,0,0,0,0,0,3,3,0,965,0,0,3,0,0,0,0,0,ע׳׳וי
דפק,2,0,0,0,1,0,0,3,3,0,966,1,0,0,0,0,0,2,0,Fort
זחל,3,0,0,0,0,0,0,3,3,0,967,1,0,0,0,0,0,2,0,ע׳׳ג
ידד,3,0,0,0,0,0,0,3,3,0,968,3,0,0,0,0,0,0,0,פ׳׳וי
יבם,0,0,3,0,0,0,0,3,3,0,969,1,0,0,1,0,1,0,0,פ׳׳וי
תקן,1,0,2,0,0,0,0,3,3,0,970,1,0,0,0,0,2,0,0,Fort
תאב,2,0,1,0,0,0,0,3,3,0,971,2,0,0,0,0,0,1,0,ע׳׳ג
גהר,3,0,0,0,0,0,0,3,3,0,972,0,0,3,0,0,0,0,0,ע׳׳ג
עבה,3,0,0,0,0,0,0,3,3,0,973,3,0,0,0,0,0,0,0,ל׳׳ה
רוד,2,0,0,1,0,0,0,3,3,0,974,1,1,0,0,0,0,1,0,ע׳׳וי
אדר,0,2,0,1,0,0,0,3,3,0,975,0,1,0,0,0,0,2,0,פ׳׳א
דלף,3,0,0,0,0,0,0,3,3,0,976,2,1,0,0,0,0,0,0,Fort
כשׁר,2,0,0,1,0,0,0,3,3,0,977,1,1,0,0,1,0,0,0,Fort
פצע,3,0,0,0,0,0,0,3,3,0,978,1,0,0,0,1,0,0,1,ל׳׳ג
שׂפק,2,0,0,1,0,0,0,3,3,0,979,0,3,0,0,0,0,0,0,Fort
אגר,3,0,0,0,0,0,0,3,3,0,980,1,1,0,0,0,0,1,0,פ׳׳א
תלא,3,0,0,0,0,0,0,3,3,0,981,1,0,0,0,0,0,0,2,ל׳׳א
קשׁח,0,0,0,2,0,0,0,2,2,0,982,1,1,0,0,0,0,0,0,ל׳׳ג
גרס,1,0,0,1,0,0,0,2,2,0,983,1,0,1,0,0,0,0,0,Fort
סחף,1,1,0,0,0,0,0,2,2,0,984,1,0,0,0,0,0,1,0,ע׳׳ג
ימר,0,0,0,1,1,0,0,2,2,0,985,1,1,0,0,0,0,0,0,פ׳׳וי
זחח,0,2,0,0,0,0,0,2,2,0,986,0,2,0,0,0,0,0,0,ע׳׳ע
גשׁשׁ,0,0,2,0,0,0,0,2,2,0,987,0,2,0,0,0,0,0,0,ע׳׳ע
זרם,1,0,0,0,0,0,0,2,1,1,988,2,0,0,0,0,0,0,0,Fort
רעץ,2,0,0,0,0,0,0,2,2,0,989,0,1,1,0,0,0,0,0,ע׳׳ג
דדה,0,0,0,0,2,0,0,2,2,0,990,0,2,0,0,0,0,0,0,ל׳׳ה
דור,2,0,0,0,0,0,0,2,2,0,991,0,0,0,1,0,1,0,0,ע׳׳וי
כסח,2,0,0,0,0,0,0,2,2,0,992,0,0,0,0,0,0,0,2,ל׳׳ג
נהק,2,0,0,0,0,0,0,2,2,0,993,0,2,0,0,0,0,0,0,פ׳׳נ
דגר,2,0,0,0,0,0,0,2,2,0,994,2,0,0,0,0,0,0,0,Fort
נדה,0,0,2,0,0,0,0,2,2,0,995,0,0,0,0,0,0,2,0,פ׳׳נ
נשׁף,2,0,0,0,0,0,0,2,2,0,996,2,0,0,0,0,0,0,0,פ׳׳נ
ארה,2,0,0,0,0,0,0,2,2,0,997,2,0,0,0,0,0,0,0,פ׳׳א
חמק,1,0,0,0,1,0,0,2,2,0,998,1,1,0,0,0,0,0,0,פ׳׳ג
אפד,2,0,0,0,0,0,0,2,2,0,999,1,0,1,0,0,0,0,0,פ׳׳א
טען,1,0,0,0,0,0,1,2,2,0,1000,0,0,0,1,0,0,0,1,ע׳׳ג
שׁחד,2,0,0,0,0,0,0,2,2,0,1001,0,0,1,1,0,0,0,0,ע׳׳ג
בזר,1,0,1,0,0,0,0,2,2,0,1002,1,1,0,0,0,0,0,0,Fort
שׁחה,1,0,0,1,0,0,0,2,2,0,1003,0,1,0,1,0,0,0,0,ל׳׳ה
צרח,1,0,0,1,0,0,0,2,2,0,1004,0,1,0,0,0,0,1,0,ל׳׳ג
גמא,0,0,1,1,0,0,0,2,2,0,1005,0,1,0,1,0,0,0,0,ל׳׳א
שׁלב,0,0,0,0,0,0,2,2,2,0,1006,0,0,0,0,0,0,0,2,Fort
לשׁן,0,0,1,1,0,0,0,2,2,0,1007,0,1,0,0,0,0,1,0,Fort
נוה,1,0,0,1,0,0,0,2,2,0,1008,0,2,0,0,0,0,0,0,פ׳׳נ
כוה,0,2,0,0,0,0,0,2,2,0,1009,0,2,0,0,0,0,0,0,ע׳׳וי
רשׁשׁ,0,0,1,0,0,0,1,2,2,0,1010,1,1,0,0,0,0,0,0,ע׳׳ע
עשׁת,1,0,0,0,1,0,0,2,2,0,1011,1,1,0,0,0,0,0,0,פ׳׳ג
קרס,2,0,0,0,0,0,0,2,2,0,1012,1,0,0,0,0,0,1,0,Fort
שׁבץ,0,0,1,0,0,0,1,2,2,0,1013,1,0,0,0,0,0,0,1,Fort
זקף,2,0,0,0,0,0,0,2,2,0,1014,0,0,0,0,0,0,2,0,Fort
פשׂק,1,0,1,0,0,0,0,2,2,0,1015,0,0,1,0,0,0,1,0,Fort
חתל,0,0,0,0,0,1,1,2,2,0,1016,1,0,0,0,1,0,0,0,פ׳׳ג
ניר,2,0,0,0,0,0,0,2,2,0,1017,0,0,0,2,0,0,0,0,פ׳׳נ
נאר,0,0,2,0,0,0,0,2,2,0,1018,2,0,0,0,0,0,0,0,פ׳׳נ
דמע,2,0,0,0,0,0,0,2,2,0,1019,0,1,0,0,1,0,0,0,ל׳׳ג
סמר,1,0,1,0,0,0,0,2,2,0,1020,1,1,0,0,0,0,0,0,Fort
רכס,2,0,0,0,0,0,0,2,2,0,1021,0,1,1,0,0,0,0,0,Fort
טפח,0,0,2,0,0,0,0,2,2,0,1022,2,0,0,0,0,0,0,0,ל׳׳ג
רקב,2,0,0,0,0,0,0,2,2,0,1023,0,2,0,0,0,0,0,0,Fort
שׁרה,1,0,1,0,0,0,0,2,2,0,1024,1,1,0,0,0,0,0,0,ל׳׳ה
מגר,1,0,1,0,0,0,0,2,2,0,1025,1,0,0,0,0,0,0,1,Fort
תעע,0,0,1,0,1,0,0,2,2,0,1026,0,0,0,0,0,0,2,0,ע׳׳ע
שׂיב,2,0,0,0,0,0,0,2,2,0,1027,1,0,0,0,0,0,1,0,ע׳׳וי
גלשׁ,2,0,0,0,0,0,0,2,2,0,1028,2,0,0,0,0,0,0,0,Fort
תאם,0,0,0,2,0,0,0,2,2,0,1029,0,0,0,0,0,0,2,0,ע׳׳ג
בעט,2,0,0,0,0,0,0,2,2,0,1030,0,1,1,0,0,0,0,0,ע׳׳ג
אבס,2,0,0,0,0,0,0,2,2,0,1031,0,0,0,0,0,0,0,2,פ׳׳א
שׂיד,2,0,0,0,0,0,0,2,2,0,1032,2,0,0,0,0,0,0,0,ע׳׳וי
בדא,2,0,0,0,0,0,0,2,2,0,1033,1,0,0,0,0,0,1,0,ל׳׳א
פצל,0,0,2,0,0,0,0,2,2,0,1034,1,0,1,0,0,0,0,0,Fort
זנב,0,0,2,0,0,0,0,2,2,0,1035,1,0,1,0,0,0,0,0,Fort
חסם,2,0,0,0,0,0,0,2,2,0,1036,0,1,0,0,0,0,1,0,פ׳׳ג
כבר,0,0,0,2,0,0,0,2,2,0,1037,0,1,0,0,0,0,1,0,Fort
קצב,2,0,0,0,0,0,0,2,2,0,1038,0,0,1,0,0,0,0,1,Fort
עוק,1,0,0,1,0,0,0,2,2,0,1039,0,1,0,0,0,0,1,0,ע׳׳וי
בצק,2,0,0,0,0,0,0,2,2,0,1040,2,0,0,0,0,0,0,0,Fort
שׂגא,0,0,0,2,0,0,0,2,2,0,1041,0,1,0,0,0,0,1,0,ל׳׳א
תאה,0,0,2,0,0,0,0,2,2,0,1042,0,2,0,0,0,0,0,0,ל׳׳ה
מסר,1,1,0,0,0,0,0,2,2,0,1043,0,0,1,0,0,1,0,0,Fort
שׂרג,0,0,0,0,1,0,1,2,2,0,1044,0,2,0,0,0,0,0,0,Fort
חנק,0,1,1,0,0,0,0,2,2,0,1045,0,0,1,0,0,0,1,0,פ׳׳ג
ירט,2,0,0,0,0,0,0,2,2,0,1046,1,1,0,0,0,0,0,0,פ׳׳וי
סבך,1,0,0,0,0,0,1,2,2,0,1047,0,1,0,0,0,0,0,1,Fort
געה,2,0,0,0,0,0,0,2,2,0,1048,0,1,0,0,1,0,0,0,ל׳׳ה
שׂרה,2,0,0,0,0,0,0,2,2,0,1049,2,0,0,0,0,0,0,0,ל׳׳ה
עוץ,2,0,0,0,0,0,0,2,2,0,1050,0,0,0,2,0,0,0,0,ע׳׳וי
מרא,1,0,0,1,0,0,0,2,2,0,1051,0,1,0,0,0,0,1,0,ל׳׳א
להם,0,0,0,0,2,0,0,2,2,0,1052,0,0,0,0,0,0,2,0,ע׳׳ג
פחז,2,0,0,0,0,0,0,2,2,0,1053,0,0,0,0,0,0,2,0,ע׳׳ג
טרד,2,0,0,0,0,0,0,2,2,0,1054,0,0,0,0,0,0,2,0,Fort
רתק,0,1,0,0,0,0,1,2,2,0,1055,1,1,0,0,0,0,0,0,Fort
דחק,2,0,0,0,0,0,0,2,2,0,1056,0,1,0,0,0,0,1,0,ע׳׳ג
פגר,0,0,2,0,0,0,0,2,2,0,1057,2,0,0,0,0,0,0,0,Fort
כרר,0,0,2,0,0,0,0,2,2,0,1058,0,0,0,0,0,0,2,0,ע׳׳ע
תפף,1,0,1,0,0,0,0,2,2,0,1059,0,0,0,0,0,0,2,0,Fort
אבק,0,2,0,0,0,0,0,2,2,0,1060,0,0,1,0,0,1,0,0,פ׳׳א
דחח,0,2,0,0,0,0,0,2,2,0,1061,0,2,0,0,0,0,0,0,ע׳׳ע
ציר,1,0,0,0,1,0,0,2,2,0,1062,0,0,1,0,0,0,1,0,ע׳׳וי
קור,2,0,0,0,0,0,0,2,2,0,1063,2,0,0,0,0,0,0,0,ע׳׳וי
סמם,0,0,0,2,0,0,0,2,2,0,1064,0,1,1,0,0,0,0,0,Fort
יגב,2,0,0,0,0,0,0,2,2,0,1065,0,0,0,0,0,0,2,0,פ׳׳וי
רזה,1,1,0,0,0,0,0,2,2,0,1066,1,1,0,0,0,0,0,0,ל׳׳ה
קרם,2,0,0,0,0,0,0,2,2,0,1067,1,0,1,0,0,0,0,0,Fort
דשׁא,1,0,0,1,0,0,0,2,2,0,1068,1,1,0,0,0,0,0,0,ל׳׳א
שׁפה,0,1,0,0,0,0,1,2,2,0,1069,1,0,0,0,0,0,1,0,ל׳׳ה
בזא,2,0,0,0,0,0,0,2,2,0,1070,2,0,0,0,0,0,0,0,ל׳׳א
קמל,2,0,0,0,0,0,0,2,2,0,1071,2,0,0,0,0,0,0,0,Fort
כסם,2,0,0,0,0,0,0,2,2,0,1072,0,1,0,0,1,0,0,0,Fort
בלק,1,0,0,0,0,0,1,2,2,0,1073,0,0,0,0,0,0,1,1,Fort
שׂוך,2,0,0,0,0,0,0,2,2,0,1074,1,0,0,0,0,0,1,0,ע׳׳וי
ערק,2,0,0,0,0,0,0,2,2,0,1075,0,0,0,0,0,0,2,0,פ׳׳ג
ערל,1,1,0,0,0,0,0,2,2,0,1076,1,0,0,1,0,0,0,0,פ׳׳ג
בתר,1,0,1,0,0,0,0,2,2,0,1077,1,0,1,0,0,0,0,0,Fort
רפשׂ,1,1,0,0,0,0,0,2,2,0,1078,0,1,0,0,0,0,1,0,Fort
גוז,2,0,0,0,0,0,0,2,2,0,1079,1,0,1,0,0,0,0,0,ע׳׳וי
קמט,1,0,0,0,0,0,1,2,2,0,1080,1,0,1,0,0,0,0,0,Fort
צבה,1,0,0,1,0,0,0,2,2,0,1081,1,0,0,0,0,1,0,0,ל׳׳ה
עתד,0,0,1,0,1,0,0,2,2,0,1082,1,0,0,1,0,0,0,0,פ׳׳ג
מלק,2,0,0,0,0,0,0,2,2,0,1083,2,0,0,0,0,0,0,0,Fort
ענד,2,0,0,0,0,0,0,2,2,0,1084,0,1,0,1,0,0,0,0,פ׳׳ג
נאק,2,0,0,0,0,0,0,2,2,0,1085,1,1,0,0,0,0,0,0,פ׳׳נ
טוה,2,0,0,0,0,0,0,2,2,0,1086,2,0,0,0,0,0,0,0,ע׳׳וי
אנן,0,0,0,0,2,0,0,2,2,0,1087,0,1,0,0,0,0,1,0,פ׳׳א
עפל,0,0,0,1,0,0,1,2,2,0,1088,1,0,1,0,0,0,0,0,פ׳׳ג
מוק,0,0,0,1,0,0,0,1,1,0,1089,0,1,0,0,0,0,0,0,ע׳׳וי
כמה,1,0,0,0,0,0,0,1,1,0,1090,1,0,0,0,0,0,0,0,ל׳׳ה
התת,0,0,1,0,0,0,0,1,1,0,1091,0,1,0,0,0,0,0,0,ע׳׳ע
גזה,1,0,0,0,0,0,0,1,1,0,1092,0,0,0,0,0,0,1,0,ל׳׳ה
שׁלג,0,0,0,1,0,0,0,1,1,0,1093,0,1,0,0,0,0,0,0,Fort
נין,0,1,0,0,0,0,0,1,1,0,1094,0,1,0,0,0,0,0,0,פ׳׳נ
רגשׁ,1,0,0,0,0,0,0,1,1,0,1095,1,0,0,0,0,0,0,0,Fort
חרג,1,0,0,0,0,0,0,1,1,0,1096,0,1,0,0,0,0,0,0,פ׳׳ג
פסס,1,0,0,0,0,0,0,1,1,0,1097,1,0,0,0,0,0,0,0,ע׳׳ע
שׂוט,1,0,0,0,0,0,0,1,1,0,1098,0,0,0,0,0,0,1,0,ע׳׳וי
נושׁ,1,0,0,0,0,0,0,1,1,0,1099,0,0,1,0,0,0,0,0,פ׳׳נ
בלם,1,0,0,0,0,0,0,1,1,0,1100,0,0,0,0,0,1,0,0,Fort
חלא,1,0,0,0,0,0,0,1,1,0,1101,0,0,1,0,0,0,0,0,ל׳׳א
רצד,0,0,1,0,0,0,0,1,1,0,1102,0,1,0,0,0,0,0,0,Fort
כרבל,0,0,0,0,0,0,1,1,1,0,1103,0,0,0,0,0,0,0,1,Fort
בדק,1,0,0,0,0,0,0,1,1,0,1104,0,0,0,0,0,1,0,0,Fort
גרז,0,1,0,0,0,0,0,1,1,0,1105,1,0,0,0,0,0,0,0,Fort
שׁפר,1,0,0,0,0,0,0,1,1,0,1106,1,0,0,0,0,0,0,0,Fort
גחה,1,0,0,0,0,0,0,1,1,0,1107,0,0,0,0,0,0,1,0,ל׳׳ה
עדן,0,0,0,0,1,0,0,1,1,0,1108,0,0,1,0,0,0,0,0,פ׳׳ג
רחשׁ,1,0,0,0,0,0,0,1,1,0,1109,1,0,0,0,0,0,0,0,ע׳׳ג
פסג,0,0,1,0,0,0,0,1,1,0,1110,0,0,0,1,0,0,0,0,Fort
סעה,1,0,0,0,0,0,0,1,1,0,1111,0,0,0,0,0,0,1,0,ל׳׳ה
אטר,1,0,0,0,0,0,0,1,1,0,1112,0,1,0,0,0,0,0,0,פ׳׳א
פצם,1,0,0,0,0,0,0,1,1,0,1113,1,0,0,0,0,0,0,0,Fort
טושׂ,1,0,0,0,0,0,0,1,1,0,1114,0,1,0,0,0,0,0,0,ע׳׳וי
גוף,0,0,0,1,0,0,0,1,1,0,1115,0,1,0,0,0,0,0,0,ע׳׳וי
רטפשׁ,1,0,0,0,0,0,0,1,1,0,1116,1,0,0,0,0,0,0,0,Fort
עלע,0,0,1,0,0,0,0,1,1,0,1117,0,1,0,0,0,0,0,0,פ׳׳ג
בטל,1,0,0,0,0,0,0,1,1,0,1118,1,0,0,0,0,0,0,0,Fort
אבר,0,0,0,1,0,0,0,1,1,0,1119,0,1,0,0,0,0,0,0,פ׳׳א
רנה,1,0,0,0,0,0,0,1,1,0,1120,0,1,0,0,0,0,0,0,ל׳׳ה
טרח,0,0,0,1,0,0,0,1,1,0,1121,0,1,0,0,0,0,0,0,ל׳׳ג
שׂקד,0,1,0,0,0,0,0,1,1,0,1122,1,0,0,0,0,0,0,0,Fort
עוב,0,0,0,1,0,0,0,1,1,0,1123,0,1,0,0,0,0,0,0,ע׳׳וי
פדע,1,0,0,0,0,0,0,1,1,0,1124,0,0,0,1,0,0,0,0,ל׳׳ג
טלל,0,0,1,0,0,0,0,1,1,0,1125,0,1,0,0,0,0,0,0,ע׳׳ע
שׂתם,1,0,0,0,0,0,0,1,1,0,1126,1,0,0,0,0,0,0,0,Fort
זהם,0,0,1,0,0,0,0,1,1,0,1127,1,0,0,0,0,0,0,0,ע׳׳ג
עגם,1,0,0,0,0,0,0,1,1,0,1128,1,0,0,0,0,0,0,0,פ׳׳ג
נתס,1,0,0,0,0,0,0,1,1,0,1129,1,0,0,0,0,0,0,0,פ׳׳נ
נכא,0,1,0,0,0,0,0,1,1,0,1130,1,0,0,0,0,0,0,0,פ׳׳נ
פשׁח,0,0,1,0,0,0,0,1,1,0,1131,0,0,1,0,0,0,0,0,ל׳׳ג
כפשׁ,0,0,0,1,0,0,0,1,1,0,1132,1,0,0,0,0,0,0,0,Fort
רפק,0,0,0,0,1,0,0,1,1,0,1133,0,0,0,0,0,0,1,0,Fort
דבב,1,0,0,0,0,0,0,1,1,0,1134,0,0,0,0,0,0,1,0,ע׳׳ע
טנף,0,0,1,0,0,0,0,1,1,0,1135,0,1,0,0,0,0,0,0,Fort
הדך,1,0,0,0,0,0,0,1,1,0,1136,0,0,0,1,0,0,0,0,פ׳׳ג
עצה,1,0,0,0,0,0,0,1,1,0,1137,0,0,0,0,0,0,1,0,ל׳׳ה
אכף,1,0,0,0,0,0,0,1,1,0,1138,1,0,0,0,0,0,0,0,פ׳׳א
חרך,1,0,0,0,0,0,0,1,1,0,1139,0,1,0,0,0,0,0,0,פ׳׳ג
רבד,1,0,0,0,0,0,0,1,1,0,1140,1,0,0,0,0,0,0,0,Fort
כפה,1,0,0,0,0,0,0,1,1,0,1141,0,1,0,0,0,0,0,0,ל׳׳ה
שׁער,1,0,0,0,0,0,0,1,1,0,1142,1,0,0,0,0,0,0,0,ע׳׳ג
להה,0,0,0,0,1,0,0,1,1,0,1143,0,0,0,0,0,0,1,0,ע׳׳ע
שׁוח,1,0,0,0,0,0,0,1,1,0,1144,1,0,0,0,0,0,0,0,ע׳׳וי
כתשׁ,1,0,0,0,0,0,0,1,1,0,1145,0,1,0,0,0,0,0,0,Fort
פנק,0,0,1,0,0,0,0,1,1,0,1146,0,0,0,0,0,0,1,0,Fort
דוץ,1,0,0,0,0,0,0,1,1,0,1147,0,1,0,0,0,0,0,0,ע׳׳וי
עגן,0,1,0,0,0,0,0,1,1,0,1148,0,1,0,0,0,0,0,0,פ׳׳ג
צבט,1,0,0,0,0,0,0,1,1,0,1149,0,0,1,0,0,0,0,0,Fort
נחר,0,0,1,0,0,0,0,1,1,0,1150,1,0,0,0,0,0,0,0,פ׳׳נ
רצף,1,0,0,0,0,0,0,1,1,0,1151,0,0,0,0,0,0,0,1,Fort
רפף,0,0,1,0,0,0,0,1,1,0,1152,0,1,0,0,0,0,0,0,Fort
חוג,1,0,0,0,0,0,0,1,1,0,1153,1,0,0,0,0,0,0,0,ע׳׳וי
שׁנא,1,0,0,0,0,0,0,1,1,0,1154,0,1,0,0,0,0,0,0,ל׳׳א
גרד,0,0,0,0,1,0,0,1,1,0,1155,0,0,0,0,0,1,0,0,Fort
סלק,1,0,0,0,0,0,0,1,1,0,1156,0,1,0,0,0,0,0,0,Fort
יאב,1,0,0,0,0,0,0,1,1,0,1157,1,0,0,0,0,0,0,0,פ׳׳וי
חוב,0,0,1,0,0,0,0,1,1,0,1158,1,0,0,0,0,0,0,0,ע׳׳וי
חתך,0,1,0,0,0,0,0,1,1,0,1159,1,0,0,0,0,0,0,0,פ׳׳ג
מלץ,0,1,0,0,0,0,0,1,1,0,1160,1,0,0,0,0,0,0,0,Fort
טפשׁ,1,0,0,0,0,0,0,1,1,0,1161,1,0,0,0,0,0,0,0,Fort
רשׁם,1,0,0,0,0,0,0,1,1,0,1162,0,0,0,0,0,0,0,1,Fort
לעז,1,0,0,0,0,0,0,1,1,0,1163,0,0,0,0,0,0,1,0,ע׳׳ג
תרגם,0,0,0,0,0,0,1,1,1,0,1164,0,0,0,0,0,0,0,1,Fort
נוט,1,0,0,0,0,0,0,1,1,0,1165,0,1,0,0,0,0,0,0,פ׳׳נ
צהב,0,0,0,0,0,1,0,1,1,0,1166,0,0,0,0,0,0,0,1,ע׳׳ג
פון,1,0,0,0,0,0,0,1,1,0,1167,0,1,0,0,0,0,0,0,ע׳׳וי
ספף,0,0,0,0,1,0,0,1,1,0,1168,0,0,0,0,1,0,0,0,Fort
כרסם,0,0,1,0,0,0,0,1,1,0,1169,0,1,0,0,0,0,0,0,Fort
רון,0,0,0,0,1,0,0,1,1,0,1170,0,0,0,0,0,0,1,0,ע׳׳וי
ברק,1,0,0,0,0,0,0,1,1,0,1171,0,0,0,1,0,0,0,0,Fort
נתע,0,1,0,0,0,0,0,1,1,0,1172,1,0,0,0,0,0,0,0,פ׳׳נ
צהר,0,0,0,1,0,0,0,1,1,0,1173,0,1,0,0,0,0,0,0,ע׳׳ג
סלד,0,0,1,0,0,0,0,1,1,0,1174,0,1,0,0,0,0,0,0,Fort
רטב,1,0,0,0,0,0,0,1,1,0,1175,0,1,0,0,0,0,0,0,Fort
לקשׁ,0,0,1,0,0,0,0,1,1,0,1176,0,1,0,0,0,0,0,0,Fort
צחה,1,0,0,0,0,0,0,1,1,0,1177,1,0,0,0,0,0,0,0,ל׳׳ה
צפד,1,0,0,0,0,0,0,1,1,0,1178,1,0,0,0,0,0,0,0,Fort
נוץ,1,0,0,0,0,0,0,1,1,0,1179,1,0,0,0,0,0,0,0,פ׳׳נ
הכר,1,0,0,0,0,0,0,1,1,0,1180,0,1,0,0,0,0,0,0,פ׳׳ג
טמה,0,1,0,0,0,0,0,1,1,0,1181,1,0,0,0,0,0,0,0,ל׳׳ה
זעך,0,1,0,0,0,0,0,1,1,0,1182,1,0,0,0,0,0,0,0,ע׳׳ג
אנס,1,0,0,0,0,0,0,1,1,0,1183,0,0,0,0,0,0,1,0,פ׳׳א
רען,0,0,1,0,0,0,0,1,1,0,1184,1,0,0,0,0,0,0,0,ע׳׳ג
רזם,1,0,0,0,0,0,0,1,1,0,1185,0,1,0,0,0,0,0,0,Fort
חתף,1,0,0,0,0,0,0,1,1,0,1186,0,1,0,0,0,0,0,0,פ׳׳ג
פלץ,0,0,0,0,1,0,0,1,1,0,1187,0,1,0,0,0,0,0,0,Fort
יהד,0,0,0,0,1,0,0,1,1,0,1188,0,0,0,0,0,0,1,0,פ׳׳וי
זרב,0,0,0,0,0,0,1,1,1,0,1189,0,1,0,0,0,0,0,0,Fort
עסס,1,0,0,0,0,0,0,1,1,0,1190,1,0,0,0,0,0,0,0,ע׳׳ע
אדב,0,0,0,1,0,0,0,1,1,0,1191,0,0,0,0,0,1,0,0,פ׳׳א
ראם,1,0,0,0,0,0,0,1,1,0,1192,1,0,0,0,0,0,0,0,ע׳׳ג
שׂתר,0,1,0,0,0,0,0,1,1,0,1193,0,0,1,0,0,0,0,0,Fort
תפל,0,0,0,0,1,0,0,1,1,0,1194,0,1,0,0,0,0,0,0,Fort
תבר,0,1,0,0,0,0,0,1,1,0,1195,0,1,0,0,0,0,0,0,Fort
עפר,0,0,1,0,0,0,0,1,1,0,1196,1,0,0,0,0,0,0,0,פ׳׳ג
אנשׁ,0,1,0,0,0,0,0,1,1,0,1197,0,0,1,0,0,0,0,0,פ׳׳א
נחץ,1,0,0,0,0,0,0,1,1,0,1198,0,0,0,0,0,0,0,1,פ׳׳נ
עין,1,0,0,0,0,0,0,1,1,0,1199,0,0,0,0,0,0,1,0,ע׳׳וי
שׁסף,0,0,1,0,0,0,0,1,1,0,1200,0,0,1,0,0,0,0,0,Fort
עצל,0,1,0,0,0,0,0,1,1,0,1201,0,1,0,0,0,0,0,0,פ׳׳ג
שׁנס,0,0,1,0,0,0,0,1,1,0,1202,0,0,1,0,0,0,0,0,Fort
אלץ,0,0,1,0,0,0,0,1,1,0,1203,0,0,1,0,0,0,0,0,פ׳׳א
צפר,1,0,0,0,0,0,0,1,1,0,1204,0,1,0,0,0,0,0,0,Fort
יבב,0,0,1,0,0,0,0,1,1,0,1205,0,0,1,0,0,0,0,0,פ׳׳וי
מחק,1,0,0,0,0,0,0,1,1,0,1206,1,0,0,0,0,0,0,0,ע׳׳ג
גרף,1,0,0,0,0,0,0,1,1,0,1207,1,0,0,0,0,0,0,0,Fort
שׂרד,1,0,0,0,0,0,0,1,1,0,1208,1,0,0,0,0,0,0,0,Fort
ציד,0,0,0,0,1,0,0,1,1,0,1209,1,0,0,0,0,0,0,0,ע׳׳וי
התל,0,0,1,0,0,0,0,1,1,0,1210,0,0,1,0,0,0,0,0,פ׳׳ג
חלט,1,0,0,0,0,0,0,1,1,0,1211,0,0,1,0,0,0,0,0,פ׳׳ג
תזז,0,0,0,1,0,0,0,1,1,0,1212,1,0,0,0,0,0,0,0,ע׳׳ע
סאן,1,0,0,0,0,0,0,1,1,0,1213,0,0,0,0,0,0,1,0,ע׳׳ג
ירע,1,0,0,0,0,0,0,1,1,0,1214,1,0,0,0,0,0,0,0,פ׳׳וי
טאטא,0,0,1,0,0,0,0,1,1,0,1215,1,0,0,0,0,0,0,0,ע׳׳ג
הדה,1,0,0,0,0,0,0,1,1,0,1216,1,0,0,0,0,0,0,0,ל׳׳ה
סעף,0,0,1,0,0,0,0,1,1,0,1217,0,0,0,0,0,0,1,0,ע׳׳ג
שׁשׂה,0,0,0,0,0,0,0,1,0,1,1218,1,0,0,0,0,0,0,0,ל׳׳ה
עתם,0,1,0,0,0,0,0,1,1,0,1219,1,0,0,0,0,0,0,0,פ׳׳ג
אבך,0,0,0,0,1,0,0,1,1,0,1220,0,0,1,0,0,0,0,0,פ׳׳א
עזק,0,0,1,0,0,0,0,1,1,0,1221,0,0,1,0,0,0,0,0,פ׳׳ג
גלם,1,0,0,0,0,0,0,1,1,0,1222,0,0,1,0,0,0,0,0,Fort
שׂפח,0,0,1,0,0,0,0,1,1,0,1223,1,0,0,0,0,0,0,0,ל׳׳ג
עכס,0,0,1,0,0,0,0,1,1,0,1224,0,1,0,0,0,0,0,0,פ׳׳ג
טפף,1,0,0,0,0,0,0,1,1,0,1225,0,0,0,0,1,0,0,0,Fort
שׂקר,0,0,1,0,0,0,0,1,1,0,1226,0,0,0,0,0,0,1,0,Fort
מהל,1,0,0,0,0,0,0,1,1,0,1227,0,0,0,0,0,0,0,1,ע׳׳ג
חפא,0,0,1,0,0,0,0,1,1,0,1228,0,0,1,0,0,0,0,0,ל׳׳א
זרר,0,0,1,0,0,0,0,1,1,0,1229,0,0,1,0,0,0,0,0,ע׳׳ע
זנק,0,0,1,0,0,0,0,1,1,0,1230,0,1,0,0,0,0,0,0,Fort
שׂפן,1,0,0,0,0,0,0,1,1,0,1231,0,0,0,0,0,0,0,1,Fort
חפף,1,0,0,0,0,0,0,1,1,0,1232,0,0,0,0,0,0,1,0,פ׳׳ג
שׂוח,1,0,0,0,0,0,0,1,1,0,1233,0,0,0,0,0,1,0,0,ע׳׳וי
חרת,1,0,0,0,0,0,0,1,1,0,1234,0,0,0,0,0,0,0,1,פ׳׳ג
יסך,1,0,0,0,0,0,0,1,1,0,1235,0,1,0,0,0,0,0,0,פ׳׳וי
רצע,1,0,0,0,0,0,0,1,1,0,1236,1,0,0,0,0,0,0,0,ל׳׳ג
טחה,0,0,1,0,0,0,0,1,1,0,1237,0,0,0,0,0,0,1,0,ל׳׳ה
עקד,1,0,0,0,0,0,0,1,1,0,1238,0,0,1,0,0,0,0,0,פ׳׳ג
חספס,0,0,0,0,0,0,1,1,1,0,1239,0,0,0,0,0,0,0,1,פ׳׳ג
כסס,1,0,0,0,0,0,0,1,1,0,1240,0,1,0,0,0,0,0,0,ע׳׳ע
לעט,0,0,0,1,0,0,0,1,1,0,1241,0,0,0,1,0,0,0,0,ע׳׳ג
תכה,0,0,0,0,0,0,1,1,1,0,1242,1,0,0,0,0,0,0,0,ל׳׳ה
עשׂק,0,0,0,0,1,0,0,1,1,0,1243,1,0,0,0,0,0,0,0,פ׳׳ג
ישׂם,1,0,0,0,0,0,0,1,1,0,1244,0,0,1,0,0,0,0,0,פ׳׳וי
דגה,1,0,0,0,0,0,0,1,1,0,1245,0,1,0,0,0,0,0,0,ל׳׳ה
ילה,1,0,0,0,0,0,0,1,1,0,1246,0,0,1,0,0,0,0,0,פ׳׳וי
זבד,1,0,0,0,0,0,0,1,1,0,1247,1,0,0,0,0,0,0,0,Fort
זבל,1,0,0,0,0,0,0,1,1,0,1248,0,1,0,0,0,0,0,0,Fort
שׂחט,1,0,0,0,0,0,0,1,1,0,1249,0,0,1,0,0,0,0,0,ע׳׳ג
שׂכך,1,0,0,0,0,0,0,1,1,0,1250,1,0,0,0,0,0,0,0,Fort
פתת,1,0,0,0,0,0,0,1,1,0,1251,0,0,0,0,1,0,0,0,ע׳׳ע
דוה,1,0,0,0,0,0,0,1,1,0,1252,0,0,0,0,0,1,0,0,ע׳׳וי
ריר,1,0,0,0,0,0,0,1,1,0,1253,1,0,0,0,0,0,0,0,ע׳׳וי
חבב,1,0,0,0,0,0,0,1,1,0,1254,0,0,0,0,0,0,1,0,ע׳׳ע
כמס,1,0,0,0,0,0,0,1,1,0,1255,0,0,0,0,0,0,0,1,Fort
פאה,0,0,0,1,0,0,0,1,1,0,1256,0,1,0,0,0,0,0,0,ל׳׳ה
שׁיה,1,0,0,0,0,0,0,1,1,0,1257,0,1,0,0,0,0,0,0,ע׳׳וי
כשׂה,1,0,0,0,0,0,0,1,1,0,1258,1,0,0,0,0,0,0,0,ל׳׳ה
חסל,1,0,0,0,0,0,0,1,1,0,1259,0,1,0,0,0,0,0,0,פ׳׳ג
סכת,0,0,0,1,0,0,0,1,1,0,1260,0,0,0,1,0,0,0,0,Fort
חשׁל,0,1,0,0,0,0,0,1,1,0,1261,0,0,0,0,0,0,1,0,פ׳׳ג
דון,1,0,0,0,0,0,0,1,1,0,1262,0,1,0,0,0,0,0,0,ע׳׳וי
הון,0,0,0,1,0,0,0,1,1,0,1263,0,0,1,0,0,0,0,0,ע׳׳וי
דוך,1,0,0,0,0,0,0,1,1,0,1264,1,0,0,0,0,0,0,0,ע׳׳וי
דוב,0,0,0,1,0,0,0,1,1,0,1265,0,0,0,0,0,0,1,0,ע׳׳וי
קלט,1,0,0,0,0,0,0,1,1,0,1266,0,0,0,0,0,0,0,1,Fort
חפשׁ,0,0,0,0,0,0,1,1,1,0,1267,1,0,0,0,0,0,0,0,פ׳׳ג
רקק,1,0,0,0,0,0,0,1,1,0,1268,0,1,0,0,0,0,0,0,ע׳׳ע
שׂוג,0,0,1,0,0,0,0,1,1,0,1269,0,1,0,0,0,0,0,0,ע׳׳וי
חסן,0,1,0,0,0,0,0,1,1,0,1270,0,1,0,0,0,0,0,0,פ׳׳ג
בחל,1,0,0,0,0,0,0,1,1,0,1271,0,0,0,0,0,0,1,0,ע׳׳ג
קסס,0,0,1,0,0,0,0,1,1,0,1272,0,1,0,0,0,0,0,0,ע׳׳ע
שׁשׁא,0,0,1,0,0,0,0,1,1,0,1273,1,0,0,0,0,0,0,0,ל׳׳א
עפף,0,0,1,0,0,0,0,1,1,0,1274,0,0,0,0,0,1,0,0,פ׳׳ג
סחה,0,0,1,0,0,0,0,1,1,0,1275,1,0,0,0,0,0,0,0,ל׳׳ה
כחל,1,0,0,0,0,0,0,1,1,0,1276,1,0,0,0,0,0,0,0,ע׳׳ג
אחד,0,0,0,0,1,0,0,1,1,0,1277,0,0,0,1,0,0,0,0,פ׳׳א
חדר,1,0,0,0,0,0,0,1,1,0,1278,0,0,0,0,0,0,1,0,פ׳׳ג
צרב,0,1,0,0,0,0,0,1,1,0,1279,1,0,0,0,0,0,0,0,Fort
כפן,1,0,0,0,0,0,0,1,1,0,1280,1,0,0,0,0,0,0,0,Fort
רסס,1,0,0,0,0,0,0,1,1,0,1281,0,0,0,0,0,1,0,0,ע׳׳ע
בתק,0,0,1,0,0,0,0,1,1,0,1282,1,0,0,0,0,0,0,0,Fort
טעה,0,0,0,1,0,0,0,1,1,0,1283,1,0,0,0,0,0,0,0,ל׳׳ה
עוג,1,0,0,0,0,0,0,1,1,0,1284,0,1,0,0,0,0,0,0,ע׳׳וי
רצא,1,0,0,0,0,0,0,1,1,0,1285,0,0,0,0,1,0,0,0,ל׳׳א
נצא,1,0,0,0,0,0,0,1,1,0,1286,0,0,0,0,1,0,0,0,פ׳׳נ
שׁאס,1,0,0,0,0,0,0,1,1,0,1287,0,0,0,0,0,0,1,0,ע׳׳ג
קיה,1,0,0,0,0,0,0,1,1,0,1288,0,0,0,1,0,0,0,0,ע׳׳וי
שׁשׁה,0,0,1,0,0,0,0,1,1,0,1289,1,0,0,0,0,0,0,0,ל׳׳ה
פכה,0,0,1,0,0,0,0,1,1,0,1290,0,0,0,0,0,0,1,0,ל׳׳ה
פשׂע,1,0,0,0,0,0,0,1,1,0,1291,0,1,0,0,0,0,0,0,ל׳׳ג
רתם,1,0,0,0,0,0,0,1,1,0,1292,0,0,0,1,0,0,0,0,Fort
עקל,0,0,0,0,0,0,1,1,1,0,1293,0,0,0,0,0,0,0,1,פ׳׳ג
דהר,1,0,0,0,0,0,0,1,1,0,1294,0,0,0,0,0,0,1,0,ע׳׳ג
רעל,0,0,0,0,0,1,0,1,1,0,1295,1,0,0,0,0,0,0,0,ע׳׳ג
תלע,0,0,0,0,0,0,1,1,1,0,1296,0,0,0,0,0,0,0,1,ל׳׳ג
עבת,0,0,1,0,0,0,0,1,1,0,1297,0,0,1,0,0,0,0,0,פ׳׳ג
צנע,0,0,0,1,0,0,0,1,1,0,1298,0,0,0,0,1,0,0,0,ל׳׳ג
הלא,0,1,0,0,0,0,0,1,1,0,1299,0,0,0,0,0,0,1,0,ל׳׳א
בלס,1,0,0,0,0,0,0,1,1,0,1300,0,0,0,0,0,0,1,0,Fort
גהה,1,0,0,0,0,0,0,1,1,0,1301,0,1,0,0,0,0,0,0,ע׳׳ע
סרף,0,0,1,0,0,0,0,1,1,0,1302,0,0,0,0,0,0,1,0,Fort
פרט,1,0,0,0,0,0,0,1,1,0,1303,0,0,0,0,0,0,1,0,Fort
בשׁס,1,0,0,0,0,0,0,1,1,0,1304,0,0,0,0,0,1,0,0,Fort
עושׁ,1,0,0,0,0,0,0,1,1,0,1305,0,0,0,1,0,0,0,0,ע׳׳וי
עבשׁ,1,0,0,0,0,0,0,1,1,0,1306,1,0,0,0,0,0,0,0,פ׳׳ג
פרא,0,0,0,1,0,0,0,1,1,0,1307,0,1,0,0,0,0,0,0,ל׳׳א
צמק,1,0,0,0,0,0,0,1,1,0,1308,0,0,0,0,0,0,1,0,Fort
נאם,1,0,0,0,0,0,0,1,1,0,1309,0,0,1,0,0,0,0,0,פ׳׳נ
דיג,1,0,0,0,0,0,0,1,1,0,1310,1,0,0,0,0,0,0,0,ע׳׳וי
גשׁם,0,0,0,1,0,0,0,1,1,0,1311,0,0,0,0,0,0,1,0,Fort
ברד,1,0,0,0,0,0,0,1,1,0,1312,1,0,0,0,0,0,0,0,Fort
צוח,1,0,0,0,0,0,0,1,1,0,1313,0,1,0,0,0,0,0,0,ע׳׳וי
מתח,1,0,0,0,0,0,0,1,1,0,1314,0,0,1,0,0,0,0,0,ל׳׳ג
מרח,1,0,0,0,0,0,0,1,1,0,1315,0,1,0,0,0,0,0,0,ל׳׳ג
קפד,0,0,1,0,0,0,0,1,1,0,1316,1,0,0,0,0,0,0,0,Fort
צען,1,0,0,0,0,0,0,1,1,0,1317,0,1,0,0,0,0,0,0,ע׳׳ג
יעז,0,1,0,0,0,0,0,1,1,0,1318,0,0,0,0,0,0,1,0,פ׳׳וי
נלה,0,0,0,1,0,0,0,1,1,0,1319,0,0,0,0,0,1,0,0,פ׳׳נ
כנף,0,1,0,0,0,0,0,1,1,0,1320,0,1,0,0,0,0,0,0,Fort
דהם,0,1,0,0,0,0,0,1,1,0,1321,0,0,0,0,0,0,1,0,ע׳׳ג
חור,1,0,0,0,0,0,0,1,1,0,1322,0,1,0,0,0,0,0,0,ע׳׳וי
קושׁ,1,0,0,0,0,0,0,1,1,0,1323,0,1,0,0,0,0,0,0,ע׳׳וי
אדשׁ,1,0,0,0,0,0,0,1,1,0,1324,0,0,0,0,1,0,0,0,פ׳׳א
סמן,0,1,0,0,0,0,0,1,1,0,1325,0,0,0,0,0,0,1,0,Fort
יעה,1,0,0,0,0,0,0,1,1,0,1326,1,0,0,0,0,0,0,0,פ׳׳וי
סאסא,0,0,1,0,0,0,0,1,1,0,1327,0,0,0,0,0,1,0,0,ע׳׳ג
צות,0,0,0,1,0,0,0,1,1,0,1328,0,1,0,0,0,0,0,0,ע׳׳וי
פעה,1,0,0,0,0,0,0,1,1,0,1329,0,1,0,0,0,0,0,0,ל׳׳ה
נשׁם,1,0,0,0,0,0,0,1,1,0,1330,0,1,0,0,0,0,0,0,פ׳׳נ
פחח,0,0,0,1,0,0,0,1,1,0,1331,0,0,0,0,1,0,0,0,ע׳׳ע
טחח,1,0,0,0,0,0,0,1,1,0,1332,1,0,0,0,0,0,0,0,ע׳׳ע
כסל,1,0,0,0,0,0,0,1,1,0,1333,0,1,0,0,0,0,0,0,Fort
יאה,1,0,0,0,0,0,0,1,1,0,1334,1,0,0,0,0,0,0,0,פ׳׳וי
שׁכה,0,0,0,1,0,0,0,1,1,0,1335,0,0,0,0,0,0,1,0,ל׳׳ה
יזן,0,0,0,0,0,0,1,1,1,0,1336,0,0,0,0,0,0,0,1,פ׳׳וי
יפח,0,0,0,0,1,0,0,1,1,0,1337,0,1,0,0,0,0,0,0,פ׳׳וי
שׂרך,0,0,1,0,0,0,0,1,1,0,1338,0,0,0,0,0,0,1,0,Fort
כתם,0,1,0,0,0,0,0,1,1,0,1339,0,0,0,0,0,0,1,0,Fort
מצץ,1,0,0,0,0,0,0,1,1,0,1340,0,1,0,0,0,0,0,0,Fort
יעט,1,0,0,0,0,0,0,1,1,0,1341,1,0,0,0,0,0,0,0,פ׳׳וי
הזה,1,0,0,0,0,0,0,1,1,0,1342,0,0,0,0,0,0,1,0,ל׳׳ה
נבח,1,0,0,0,0,0,0,1,1,0,1343,0,0,0,0,0,1,0,0,פ׳׳נ
חטם,1,0,0,0,0,0,0,1,1,0,1344,0,1,0,0,0,0,0,0,פ׳׳ג
הבר,1,0,0,0,0,0,0,1,1,0,1345,0,0,0,0,0,0,1,0,פ׳׳ג
אשׁשׁ,0,0,0,0,1,0,0,1,1,0,1346,0,0,0,1,0,0,0,0,פ׳׳א
זול,1,0,0,0,0,0,0,1,1,0,1347,0,0,0,0,0,0,1,0,ע׳׳וי
לעב,0,0,0,1,0,0,0,1,1,0,1348,0,0,0,0,0,0,1,0,ע׳׳ג
